timestamp,ai_timestamp,distance,motion_detected,speed_level,ai_decision,confidence,decision_time_ms,model_accuracy,training_samples,system_status
593367,2025-09-16T14:09:41.799863,166.2007,FALSE,NONE,BOOST,0.5,0,0,0,READY
593467,2025-09-16T14:09:41.812033,166.4922,FALSE,NONE,BOOST,0.5,0,0,0,READY
593567,2025-09-16T14:09:41.824344,166.8352,FALSE,NONE,BOOST,0.5,0,0,0,READY
593667,2025-09-16T14:09:41.836622,166.8352,FALSE,NONE,BOOST,0.5,0,0,0,READY
593767,2025-09-16T14:09:41.849256,166.8352,FALSE,NONE,BOOST,0.5,0,0,0,READY
593867,2025-09-16T14:09:41.861584,166.4751,FALSE,NONE,BOOST,0.5,0,0,0,READY
593967,2025-09-16T14:09:41.873579,164.8458,FALSE,NONE,BOOST,0.5,0,0,0,READY
594067,2025-09-16T14:09:41.886257,163.8682,FALSE,NONE,BOOST,0.5,0,0,0,READY
594167,2025-09-16T14:09:41.898558,163.5081,FALSE,NONE,BOOST,0.5,0,0,0,READY
594267,2025-09-16T14:09:41.910345,162.1532,FALSE,NONE,BOOST,0.5,0,0,0,READY
594366,2025-09-16T14:09:41.922435,160.2153,FALSE,NONE,BOOST,0.5,0,0,0,READY
594466,2025-09-16T14:09:41.934332,157.9515,FALSE,NONE,BOOST,0.5,0,0,0,READY
594566,2025-09-16T14:09:41.946322,157.2141,FALSE,NONE,BOOST,0.5,0,0,0,READY
594666,2025-09-16T14:09:41.958197,156.2365,FALSE,NONE,BOOST,0.5,0,0,0,READY
594766,2025-09-16T14:09:41.970684,156.185,FALSE,NONE,BOOST,0.5,0,0,0,READY
594866,2025-09-16T14:09:41.983391,155.6191,FALSE,NONE,BOOST,0.5,0,0,0,READY
594966,2025-09-16T14:09:41.995839,154.1956,FALSE,NONE,BOOST,0.5,0,0,0,READY
595066,2025-09-16T14:09:42.008399,153.1152,FALSE,NONE,BOOST,0.5,0,0,0,READY
595166,2025-09-16T14:09:42.020281,153.0981,FALSE,NONE,BOOST,0.5,0,0,0,READY
595266,2025-09-16T14:09:42.032124,151.1258,FALSE,NONE,BOOST,0.5,0,0,0,READY
595366,2025-09-16T14:09:42.044260,132.741,FALSE,NONE,BOOST,0.5,0,0,0,READY
595466,2025-09-16T14:09:42.056548,115.4024,FALSE,NONE,BOOST,0.5,0,0,0,READY
595566,2025-09-16T14:09:42.068944,99.14415,FALSE,NONE,STRAIGHT,0.5,0,0,0,READY
595666,2025-09-16T14:09:42.154661,95.7656,FALSE,NONE,STRAIGHT,0.5,0,0,0,READY
595766,2025-09-16T14:09:42.259897,91.1008,FALSE,NONE,STRAIGHT,0.5,0,0,0,READY
595867,2025-09-16T14:09:42.353873,82.26855,FALSE,NONE,STRAIGHT,0.5,0,0,0,READY
595966,2025-09-16T14:09:42.459674,81.13665,FALSE,NONE,STRAIGHT,0.5,0,0,0,READY
596066,2025-09-16T14:09:42.554808,80.65645,FALSE,NONE,STRAIGHT,0.5,0,0,0,READY
596166,2025-09-16T14:09:42.650754,79.59315,FALSE,NONE,STRAIGHT,0.5,0,0,0,READY
596266,2025-09-16T14:09:42.755984,79.59315,FALSE,NONE,STRAIGHT,0.5,0,0,0,READY
596366,2025-09-16T14:09:42.850974,64.91275,FALSE,NONE,STRAIGHT,0.5,0,0,0,READY
596467,2025-09-16T14:09:42.956000,62.64895,FALSE,NONE,STRAIGHT,0.5,0,0,0,READY
596565,2025-09-16T14:09:43.050551,57.5897,FALSE,NONE,STRAIGHT,0.5,0,0,0,READY
596665,2025-09-16T14:09:43.156266,56.6293,FALSE,NONE,STRAIGHT,0.5,0,0,0,READY
596765,2025-09-16T14:09:43.252823,55.3945,FALSE,NONE,STRAIGHT,0.5,0,0,0,READY
596865,2025-09-16T14:09:43.359836,55.27445,FALSE,NONE,STRAIGHT,0.5,0,0,0,READY
596965,2025-09-16T14:09:43.455866,53.1993,FALSE,NONE,STRAIGHT,0.5,0,0,0,READY
597066,2025-09-16T14:09:43.551297,48.31155,FALSE,NONE,STRAIGHT,0.5,0,0,0,READY
597165,2025-09-16T14:09:43.657405,48.31155,FALSE,NONE,STRAIGHT,0.5,0,0,0,READY
597265,2025-09-16T14:09:43.752880,34.62585,FALSE,NONE,STRAIGHT,0.5,0,0,0,READY
597365,2025-09-16T14:09:43.858094,15.38355,FALSE,NONE,STRAIGHT,0.5,0,0,0,READY
597466,2025-09-16T14:09:43.952976,11.1132,FALSE,NONE,STRAIGHT,0.5,0,0,0,READY
597565,2025-09-16T14:09:44.058104,11.1132,FALSE,NONE,STRAIGHT,0.5,0,0,0,READY
597665,2025-09-16T14:09:44.153127,11.1132,FALSE,NONE,STRAIGHT,0.5,0.01,0,0,READY
597765,2025-09-16T14:09:44.258909,11.1132,FALSE,NONE,STRAIGHT,0.5,0,0,0,READY
597865,2025-09-16T14:09:44.353981,9.535399,FALSE,NONE,STRAIGHT,0.5,0,0,0,READY
597985,2025-09-16T14:09:44.471215,9.535399,FALSE,NONE,STRAIGHT,0.5,0,0,0,READY
598085,2025-09-16T14:09:44.576941,9.535399,FALSE,NONE,STRAIGHT,0.5,0,0,0,READY
598185,2025-09-16T14:09:44.671876,165.7719,FALSE,NONE,BOOST,0.5,0,0,0,READY
598284,2025-09-16T14:09:44.777949,165.7719,FALSE,NONE,BOOST,0.5,0,0,0,READY
598385,2025-09-16T14:09:45.082687,166.3893,FALSE,NONE,BOOST,0.94,45.74,1,100,READY
598484,2025-09-16T14:09:45.140602,165.7719,FALSE,NONE,BOOST,0.94,46.53,1,100,READY
598584,2025-09-16T14:09:45.199417,165.7719,FALSE,NONE,BOOST,0.94,55.76,1,100,READY
598684,2025-09-16T14:09:45.267174,166.0806,FALSE,NONE,BOOST,0.94,44.82,1,100,READY
598784,2025-09-16T14:09:45.324710,166.0806,FALSE,NONE,BOOST,0.94,46.06,1,100,READY
598884,2025-09-16T14:09:45.383081,166.0806,FALSE,NONE,BOOST,0.94,44.04,1,100,READY
598985,2025-09-16T14:09:45.470978,166.3721,FALSE,NONE,BOOST,0.94,44.74,1,100,READY
599084,2025-09-16T14:09:45.570016,166.3721,FALSE,NONE,BOOST,0.94,45.23,1,100,READY
599184,2025-09-16T14:09:45.669580,166.0634,FALSE,NONE,BOOST,0.94,34.72,1,100,READY
599284,2025-09-16T14:09:45.778300,166.0634,FALSE,NONE,BOOST,0.94,57.04,1,100,READY
599384,2025-09-16T14:09:45.878319,166.0634,FALSE,NONE,BOOST,0.94,44.03,1,100,READY
599484,2025-09-16T14:09:45.976213,166.0291,FALSE,NONE,BOOST,0.94,46.2,1,100,READY
599585,2025-09-16T14:09:46.075377,166.0291,FALSE,NONE,BOOST,0.94,34.92,1,100,READY
599684,2025-09-16T14:09:46.174072,166.0634,FALSE,NONE,BOOST,0.94,34.33,1,100,READY
599784,2025-09-16T14:09:46.271941,166.0634,FALSE,NONE,BOOST,0.94,44.73,1,100,READY
599884,2025-09-16T14:09:46.370362,166.0634,FALSE,NONE,BOOST,0.94,55.16,1,100,READY
599984,2025-09-16T14:09:46.470024,166.0634,FALSE,NONE,BOOST,0.94,46,1,100,READY
600084,2025-09-16T14:09:46.569877,166.0634,FALSE,NONE,BOOST,1,56.46,1,100,READY
600185,2025-09-16T14:09:46.669608,166.0634,FALSE,NONE,BOOST,1,44.03,1,100,READY
600283,2025-09-16T14:09:46.777634,166.0806,FALSE,NONE,BOOST,1,55.9,1,100,READY
600383,2025-09-16T14:09:46.876579,166.0634,FALSE,NONE,BOOST,1,58.21,1,100,READY
600483,2025-09-16T14:09:46.978002,166.4408,FALSE,NONE,BOOST,1,44.7,1,100,READY
600583,2025-09-16T14:09:47.075964,166.4579,FALSE,NONE,BOOST,1,56.37,1,100,READY
600683,2025-09-16T14:09:47.175771,166.4579,FALSE,NONE,BOOST,1,55.49,1,100,READY
600784,2025-09-16T14:09:47.274330,166.3893,FALSE,NONE,BOOST,1,34.21,1,100,READY
600883,2025-09-16T14:09:47.372192,166.3893,FALSE,NONE,BOOST,1,44.97,1,100,READY
600983,2025-09-16T14:09:47.471009,166.3721,FALSE,NONE,BOOST,1,43.79,1,100,READY
601083,2025-09-16T14:09:47.568113,166.0463,FALSE,NONE,BOOST,1,63.59,1,100,READY
601183,2025-09-16T14:09:47.675757,166.3721,FALSE,NONE,BOOST,1,63.17,1,100,READY
601283,2025-09-16T14:09:47.772292,166.3721,FALSE,NONE,BOOST,1,62.38,1,100,READY
601384,2025-09-16T14:09:47.878089,166.1149,FALSE,NONE,BOOST,1,61,1,100,READY
601483,2025-09-16T14:09:47.972566,166.3721,FALSE,NONE,BOOST,1,58.49,1,100,READY
601583,2025-09-16T14:09:48.073849,166.3721,FALSE,NONE,BOOST,1,60.25,1,100,READY
601683,2025-09-16T14:09:48.178152,166.3721,FALSE,NONE,BOOST,1,64.48,1,100,READY
601783,2025-09-16T14:09:48.275575,166.1149,FALSE,NONE,BOOST,1,60.76,1,100,READY
601883,2025-09-16T14:09:48.370167,165.7547,FALSE,NONE,BOOST,1,59.48,1,100,READY
601984,2025-09-16T14:09:48.472954,165.7547,FALSE,NONE,BOOST,1,44.96,1,100,READY
602082,2025-09-16T14:09:48.572132,165.7719,FALSE,NONE,BOOST,1,60.8,1,100,READY
602183,2025-09-16T14:09:48.676290,165.7547,FALSE,NONE,BOOST,1,65.1,1,100,READY
602283,2025-09-16T14:09:48.775102,165.7719,FALSE,NONE,BOOST,1,67.64,1,100,READY
602382,2025-09-16T14:09:48.877118,165.7719,FALSE,NONE,BOOST,1,71.2,1,100,READY
602482,2025-09-16T14:09:48.971878,165.7719,FALSE,NONE,BOOST,1,64.29,1,100,READY
602583,2025-09-16T14:09:49.070330,165.7719,FALSE,NONE,BOOST,1,65.72,1,100,READY
602682,2025-09-16T14:09:49.170017,165.789,FALSE,NONE,BOOST,1,65.3,1,100,READY
602782,2025-09-16T14:09:49.268549,165.789,FALSE,NONE,BOOST,1,58.01,1,100,READY
602882,2025-09-16T14:09:49.370486,165.789,FALSE,NONE,BOOST,1,59.03,1,100,READY
602982,2025-09-16T14:09:49.473371,165.789,FALSE,NONE,BOOST,1,58.68,1,100,READY
603082,2025-09-16T14:09:49.575023,166.4064,FALSE,NONE,BOOST,1,60.65,1,100,READY
603183,2025-09-16T14:09:49.668644,163.8854,FALSE,NONE,BOOST,1,59.16,1,100,READY
603282,2025-09-16T14:09:49.771506,163.1308,FALSE,NONE,BOOST,1,49.51,1,100,READY
603382,2025-09-16T14:09:50.322164,163.8854,FALSE,NONE,BOOST,1,57.79,1,200,READY
603482,2025-09-16T14:09:50.392549,159.1691,FALSE,NONE,BOOST,1,60.53,1,200,READY
603582,2025-09-16T14:09:50.465889,155.8078,FALSE,NONE,BOOST,1,62.58,1,200,READY
603682,2025-09-16T14:09:50.541384,142.002,FALSE,NONE,BOOST,1,63.93,1,200,READY
603783,2025-09-16T14:09:50.618312,141.4361,FALSE,NONE,BOOST,1,61.88,1,200,READY
603882,2025-09-16T14:09:50.692524,139.9097,FALSE,NONE,BOOST,1,60.92,1,200,READY
603982,2025-09-16T14:09:50.765537,139.9097,FALSE,NONE,BOOST,1,58.3,1,200,READY
604082,2025-09-16T14:09:50.836138,139.1722,FALSE,NONE,BOOST,1,57.72,1,200,READY
604182,2025-09-16T14:09:50.906497,139.1722,FALSE,NONE,BOOST,1,58.7,1,200,READY
604281,2025-09-16T14:09:50.977837,138.5377,FALSE,NONE,BOOST,1,60.87,1,200,READY
604382,2025-09-16T14:09:51.050699,137.7831,FALSE,NONE,BOOST,1,58.18,1,200,READY
604481,2025-09-16T14:09:51.121262,137.1485,FALSE,NONE,BOOST,1,58.72,1,200,READY
604581,2025-09-16T14:09:51.192045,130.0999,FALSE,NONE,BOOST,1,61.02,1,200,READY
604681,2025-09-16T14:09:51.265028,128.7965,FALSE,NONE,BOOST,1,60.03,1,200,READY
604781,2025-09-16T14:09:51.337571,128.0762,FALSE,NONE,BOOST,1,60.04,1,200,READY
604881,2025-09-16T14:09:51.410186,125.6923,FALSE,NONE,BOOST,0.99,59.62,1,200,READY
604982,2025-09-16T14:09:51.482051,123.0341,FALSE,NONE,BOOST,0.93,60.76,1,200,READY
605081,2025-09-16T14:09:51.565590,121.1133,FALSE,NONE,BOOST,0.93,57.9,1,200,READY
605181,2025-09-16T14:09:51.667106,111.3721,FALSE,NONE,BOOST,0.76,57.57,1,200,READY
605281,2025-09-16T14:09:51.767852,110.3431,FALSE,NONE,BOOST,0.76,57.51,1,200,READY
605381,2025-09-16T14:09:51.868219,107.4447,FALSE,NONE,BOOST,0.75,60.29,1,200,READY
605481,2025-09-16T14:09:52.075910,107.3762,FALSE,NONE,BOOST,0.62,45.72,1,200,READY
605582,2025-09-16T14:09:52.676052,94.34215,FALSE,NONE,STRAIGHT,0.99,46.03,1,200,READY
605681,2025-09-16T14:09:53.275348,90.32905,FALSE,NONE,STRAIGHT,1,46.07,1,200,READY
610898,2025-09-16T14:09:59.286176,166.1149,FALSE,NONE,BOOST,1,45.06,1,200,READY
610998,2025-09-16T14:09:59.343252,166.1149,FALSE,NONE,BOOST,1,44.8,1,200,READY
611098,2025-09-16T14:09:59.400414,166.1149,FALSE,NONE,BOOST,1,33.34,1,200,READY
611198,2025-09-16T14:09:59.446134,165.7376,FALSE,NONE,BOOST,1,33.26,1,200,READY
611298,2025-09-16T14:09:59.491857,165.7376,FALSE,NONE,BOOST,1,33.29,1,200,READY
611398,2025-09-16T14:09:59.537423,165.7376,FALSE,NONE,BOOST,1,33.35,1,200,READY
611498,2025-09-16T14:09:59.692197,166.3721,FALSE,NONE,BOOST,1,43.97,1,200,READY
611598,2025-09-16T14:10:00.291612,165.7376,FALSE,NONE,BOOST,1,45.63,1,200,READY
611699,2025-09-16T14:10:00.891784,166.1149,FALSE,NONE,BOOST,1,55.72,1,200,READY
611797,2025-09-16T14:10:01.490482,166.355,FALSE,NONE,BOOST,1,33,1,200,READY
611897,2025-09-16T14:10:02.091308,166.355,FALSE,NONE,BOOST,1,45.11,1,200,READY
611997,2025-09-16T14:10:02.690512,166.132,FALSE,NONE,BOOST,1,44.87,1,200,READY
612097,2025-09-16T14:10:03.289625,166.132,FALSE,NONE,BOOST,1,44.87,1,200,READY
612197,2025-09-16T14:10:03.889856,166.355,FALSE,NONE,BOOST,1,44.52,1,200,READY
612297,2025-09-16T14:10:04.489702,166.132,FALSE,NONE,BOOST,1,43.99,1,200,READY
612397,2025-09-16T14:10:05.089537,166.0806,FALSE,NONE,BOOST,1,44.07,1,200,READY
612497,2025-09-16T14:10:05.690222,166.0806,FALSE,NONE,BOOST,1,44.73,1,200,READY
612598,2025-09-16T14:10:06.288493,166.0806,FALSE,NONE,BOOST,1,45.2,1,200,READY
612697,2025-09-16T14:10:06.888808,165.7376,FALSE,NONE,BOOST,1,33.39,1,200,READY
612797,2025-09-16T14:10:07.488435,165.7376,FALSE,NONE,BOOST,1,44.73,1,200,READY
612897,2025-09-16T14:10:08.088118,165.7376,FALSE,NONE,BOOST,1,44.49,1,200,READY
612997,2025-09-16T14:10:08.687951,165.4632,FALSE,NONE,BOOST,1,44.78,1,200,READY
613097,2025-09-16T14:10:09.287737,165.7376,FALSE,NONE,BOOST,1,44.75,1,200,READY
613197,2025-09-16T14:10:09.887506,166.0634,FALSE,NONE,BOOST,1,33.3,1,200,READY
613297,2025-09-16T14:10:10.487975,166.0634,FALSE,NONE,BOOST,1,43.81,1,200,READY
613397,2025-09-16T14:10:11.086744,166.0634,FALSE,NONE,BOOST,1,33.88,1,200,READY
613498,2025-09-16T14:10:12.034677,166.4236,FALSE,NONE,BOOST,1,32.92,1,300,READY
613596,2025-09-16T14:10:12.286616,166.355,FALSE,NONE,BOOST,1,33.52,1,300,READY
613696,2025-09-16T14:10:12.887268,166.355,FALSE,NONE,BOOST,1,44.44,1,300,READY
630111,2025-09-16T14:10:18.575867,165.789,FALSE,NONE,BOOST,1,34.04,1,300,READY
630211,2025-09-16T14:10:18.621950,165.7204,FALSE,NONE,BOOST,1,44,1,300,READY
630312,2025-09-16T14:10:18.678184,165.4289,FALSE,NONE,BOOST,1,34.31,1,300,READY
630411,2025-09-16T14:10:18.725171,165.7204,FALSE,NONE,BOOST,1,33.42,1,300,READY
630511,2025-09-16T14:10:18.771063,165.7719,FALSE,NONE,BOOST,1,32.54,1,300,READY
630611,2025-09-16T14:10:18.905854,165.7204,FALSE,NONE,BOOST,1,44.49,1,300,READY
630711,2025-09-16T14:10:19.505813,165.3774,FALSE,NONE,BOOST,1,34.23,1,300,READY
630811,2025-09-16T14:10:20.106019,165.7719,FALSE,NONE,BOOST,1,43.77,1,300,READY
630910,2025-09-16T14:10:20.705254,165.3946,FALSE,NONE,BOOST,1,33.54,1,300,READY
631010,2025-09-16T14:10:21.305097,165.3774,FALSE,NONE,BOOST,1,43.93,1,300,READY
631110,2025-09-16T14:10:21.905446,165.3946,FALSE,NONE,BOOST,1,44.73,1,300,READY
631211,2025-09-16T14:10:22.504937,166.0463,FALSE,NONE,BOOST,1,45.94,1,300,READY
631310,2025-09-16T14:10:23.105153,165.3946,FALSE,NONE,BOOST,1,44.3,1,300,READY
631410,2025-09-16T14:10:23.704922,166.0463,FALSE,NONE,BOOST,1,44.13,1,300,READY
631510,2025-09-16T14:10:24.304340,166.0463,FALSE,NONE,BOOST,1,33.89,1,300,READY
631610,2025-09-16T14:10:24.905561,165.3774,FALSE,NONE,BOOST,1,32.86,1,300,READY
631710,2025-09-16T14:10:25.504962,165.3774,FALSE,NONE,BOOST,1,44.42,1,300,READY
631810,2025-09-16T14:10:26.104655,166.0463,FALSE,NONE,BOOST,1,43.08,1,300,READY
631910,2025-09-16T14:10:26.704820,165.7204,FALSE,NONE,BOOST,1,44.07,1,300,READY
632010,2025-09-16T14:10:27.304203,166.0463,FALSE,NONE,BOOST,1,33.54,1,300,READY
632111,2025-09-16T14:10:27.903968,166.3721,FALSE,NONE,BOOST,1,45.45,1,300,READY
632210,2025-09-16T14:10:28.503737,166.3721,FALSE,NONE,BOOST,1,44.77,1,300,READY
632310,2025-09-16T14:10:29.103395,166.0806,FALSE,NONE,BOOST,1,45.83,1,300,READY
632410,2025-09-16T14:10:29.703253,166.0806,FALSE,NONE,BOOST,1,44.35,1,300,READY
632510,2025-09-16T14:10:30.303629,166.0806,FALSE,NONE,BOOST,1,44.63,1,300,READY
632610,2025-09-16T14:10:30.903930,165.7547,FALSE,NONE,BOOST,1,44.93,1,300,READY
632710,2025-09-16T14:10:31.503413,165.7547,FALSE,NONE,BOOST,1,44.11,1,300,READY
632810,2025-09-16T14:10:32.102664,165.7547,FALSE,NONE,BOOST,1,55.21,1,300,READY
632910,2025-09-16T14:10:32.702723,165.7547,FALSE,NONE,BOOST,1,43.71,1,300,READY
633011,2025-09-16T14:10:33.302825,165.7547,FALSE,NONE,BOOST,1,45.31,1,300,READY
633110,2025-09-16T14:10:33.902708,165.7204,FALSE,NONE,BOOST,1,45.35,1,300,READY
633210,2025-09-16T14:10:34.502647,165.7204,FALSE,NONE,BOOST,1,35.16,1,300,READY
633310,2025-09-16T14:10:35.102581,165.7376,FALSE,NONE,BOOST,1,55.49,1,300,READY
633410,2025-09-16T14:10:35.701901,165.789,FALSE,NONE,BOOST,1,44.8,1,300,READY
652926,2025-09-16T14:10:41.389745,167.7613,FALSE,NONE,BOOST,1,55.24,1,300,READY
653026,2025-09-16T14:10:41.456800,168.0871,FALSE,NONE,BOOST,1,58.02,1,300,READY
653126,2025-09-16T14:10:41.527442,167.7613,FALSE,NONE,BOOST,1,57.56,1,300,READY
653227,2025-09-16T14:10:41.598006,168.0871,FALSE,NONE,BOOST,1,56.64,1,300,READY
653326,2025-09-16T14:10:41.667315,168.5502,FALSE,NONE,BOOST,1,56.41,1,300,READY
653426,2025-09-16T14:10:41.736373,168.0871,FALSE,NONE,BOOST,1,57.28,1,300,READY
653526,2025-09-16T14:10:42.192134,168.4473,FALSE,NONE,BOOST,1,55.76,1,300,READY
653626,2025-09-16T14:10:42.721803,168.7217,FALSE,NONE,BOOST,1,56.46,1,300,READY
653726,2025-09-16T14:10:43.321612,168.4473,FALSE,NONE,BOOST,1,56.02,1,300,READY
653827,2025-09-16T14:10:43.921973,167.7441,FALSE,NONE,BOOST,1,33.95,1,300,READY
653926,2025-09-16T14:10:44.522017,168.4473,FALSE,NONE,BOOST,1,43.87,1,300,READY
654026,2025-09-16T14:10:45.121829,168.0871,FALSE,NONE,BOOST,1,54.63,1,300,READY
654126,2025-09-16T14:10:45.721766,167.7784,FALSE,NONE,BOOST,1,44.67,1,300,READY
654226,2025-09-16T14:10:46.724790,168.0871,FALSE,NONE,BOOST,1,57.96,1,400,READY
654326,2025-09-16T14:10:46.921669,168.756,FALSE,NONE,BOOST,1,35.28,1,400,READY
654427,2025-09-16T14:10:47.521673,168.0871,FALSE,NONE,BOOST,1,45.02,1,400,READY
654526,2025-09-16T14:10:48.121897,168.413,FALSE,NONE,BOOST,1,45.24,1,400,READY
654626,2025-09-16T14:10:48.722172,168.413,FALSE,NONE,BOOST,1,45.47,1,400,READY
654726,2025-09-16T14:10:49.321956,168.413,FALSE,NONE,BOOST,1,33.97,1,400,READY
654826,2025-09-16T14:10:49.922169,168.413,FALSE,NONE,BOOST,1,44.82,1,400,READY
654926,2025-09-16T14:10:50.522000,170.6254,FALSE,NONE,BOOST,1,45.49,1,400,READY
655027,2025-09-16T14:10:51.121776,170.8311,FALSE,NONE,BOOST,1,34.78,1,400,READY
655126,2025-09-16T14:10:51.721845,170.8311,FALSE,NONE,BOOST,1,45.61,1,400,READY
655226,2025-09-16T14:10:52.321720,170.8311,FALSE,NONE,BOOST,1,55.26,1,400,READY
655326,2025-09-16T14:10:52.922063,158.1573,FALSE,NONE,BOOST,1,35.03,1,400,READY
655426,2025-09-16T14:10:53.522139,158.1573,FALSE,NONE,BOOST,1,45.43,1,400,READY
655526,2025-09-16T14:10:54.122018,158.1573,FALSE,NONE,BOOST,0.84,44.21,1,400,READY
655627,2025-09-16T14:10:54.721683,158.1573,FALSE,NONE,BOOST,0.79,56.4,1,400,READY
655726,2025-09-16T14:10:55.322324,158.1402,FALSE,NONE,BOOST,0.79,34.85,1,400,READY
655826,2025-09-16T14:10:55.922976,152.5321,FALSE,NONE,BOOST,0.79,45.7,1,400,READY
655926,2025-09-16T14:10:56.522159,151.8118,FALSE,NONE,BOOST,0.79,55.8,1,400,READY
656026,2025-09-16T14:10:57.122466,151.5202,FALSE,NONE,BOOST,0.79,45.85,1,400,READY
656126,2025-09-16T14:10:57.723205,150.4912,FALSE,NONE,BOOST,0.79,44.95,1,400,READY
656227,2025-09-16T14:10:58.342522,134.799,FALSE,NONE,BOOST,0.79,44.38,1,400,READY
656326,2025-09-16T14:10:58.942749,133.1012,FALSE,NONE,BOOST,0.79,34.57,1,400,READY
656426,2025-09-16T14:10:59.542717,133.1012,FALSE,NONE,BOOST,0.79,44.86,1,400,READY
656526,2025-09-16T14:11:00.142261,133.1012,FALSE,NONE,BOOST,0.79,44.95,1,400,READY
656626,2025-09-16T14:11:00.743329,132.9982,FALSE,NONE,BOOST,0.79,45.31,1,400,READY
656726,2025-09-16T14:11:01.342785,132.741,FALSE,NONE,BOOST,0.79,45.12,1,400,READY
656827,2025-09-16T14:11:01.943301,133.1698,FALSE,NONE,BOOST,0.79,45.32,1,400,READY
656926,2025-09-16T14:11:02.542723,132.741,FALSE,NONE,BOOST,0.79,43.82,1,400,READY
657026,2025-09-16T14:11:03.142997,132.398,FALSE,NONE,BOOST,0.68,45.75,1,400,READY
657126,2025-09-16T14:11:03.742633,116.0712,FALSE,NONE,BOOST,0.65,34.52,1,400,READY
657226,2025-09-16T14:11:04.342382,115.4538,FALSE,NONE,BOOST,0.65,56.17,1,400,READY
657326,2025-09-16T14:11:04.962493,115.3852,FALSE,NONE,BOOST,0.65,45.46,1,400,READY
657427,2025-09-16T14:11:05.562391,115.3852,FALSE,NONE,BOOST,0.65,46.01,1,400,READY
657526,2025-09-16T14:11:06.162874,115.0765,FALSE,NONE,BOOST,0.65,45.45,1,400,READY
657626,2025-09-16T14:11:06.761953,115.3852,FALSE,NONE,BOOST,0.65,45.67,1,400,READY
657726,2025-09-16T14:11:07.382140,115.3852,FALSE,NONE,BOOST,0.65,44.4,1,400,READY
657826,2025-09-16T14:11:07.981895,115.0937,FALSE,NONE,BOOST,0.65,95.22,1,400,READY
657926,2025-09-16T14:11:08.582395,115.0937,FALSE,NONE,BOOST,0.65,45.75,1,400,READY
658027,2025-09-16T14:11:09.202744,115.4195,FALSE,NONE,BOOST,0.69,34.32,1,400,READY
658126,2025-09-16T14:11:09.802842,115.0937,FALSE,NONE,BOOST,0.7,54.66,1,400,READY
658226,2025-09-16T14:11:10.402088,114.6992,FALSE,NONE,BOOST,0.86,43.88,1,400,READY
658326,2025-09-16T14:11:11.023011,98.04655,FALSE,NONE,STRAIGHT,0.79,46.02,1,400,READY
658426,2025-09-16T14:11:11.622148,97.6521,FALSE,NONE,STRAIGHT,0.79,44.75,1,400,READY
689145,2025-09-16T14:11:17.621795,163.045,FALSE,NONE,BOOST,1,34.87,1,400,READY
689245,2025-09-16T14:11:17.669017,164.3828,FALSE,NONE,BOOST,1,33.82,1,400,READY
689345,2025-09-16T14:11:17.714589,165.3946,FALSE,NONE,BOOST,1,45.58,1,400,READY
689445,2025-09-16T14:11:17.772155,164.3828,FALSE,NONE,BOOST,1,34.38,1,400,READY
689546,2025-09-16T14:11:17.818673,163.731,FALSE,NONE,BOOST,1,55.48,1,400,READY
689645,2025-09-16T14:11:17.886593,164.3828,FALSE,NONE,BOOST,1,34.85,1,400,READY
689745,2025-09-16T14:11:17.933804,163.731,FALSE,NONE,BOOST,1,33.9,1,400,READY
689845,2025-09-16T14:11:18.426627,163.731,FALSE,NONE,BOOST,1,57.37,1,500,READY
689945,2025-09-16T14:11:18.496165,164.4171,FALSE,NONE,BOOST,1,56.58,1,500,READY
690045,2025-09-16T14:11:18.565861,164.4171,FALSE,NONE,BOOST,1,45.12,1,500,READY
690146,2025-09-16T14:11:19.041336,164.4171,FALSE,NONE,BOOST,1,45.66,1,500,READY
690245,2025-09-16T14:11:19.642155,164.4171,FALSE,NONE,BOOST,1,44.37,1,500,READY
690345,2025-09-16T14:11:20.241988,164.3999,FALSE,NONE,BOOST,1,44.21,1,500,READY
690445,2025-09-16T14:11:20.842044,164.3999,FALSE,NONE,BOOST,1,54.32,1,500,READY
690545,2025-09-16T14:11:21.441774,164.3999,FALSE,NONE,BOOST,1,33.73,1,500,READY
690645,2025-09-16T14:11:22.042091,164.3999,FALSE,NONE,BOOST,1,57.64,1,500,READY
690746,2025-09-16T14:11:22.641791,164.3999,FALSE,NONE,BOOST,1,57.1,1,500,READY
690845,2025-09-16T14:11:23.241873,164.0397,FALSE,NONE,BOOST,1,45.12,1,500,READY
690945,2025-09-16T14:11:23.841529,164.0397,FALSE,NONE,BOOST,1,44.92,1,500,READY
691045,2025-09-16T14:11:24.442250,164.3999,FALSE,NONE,BOOST,1,55.73,1,500,READY
691145,2025-09-16T14:11:25.042096,164.0397,FALSE,NONE,BOOST,1,44.15,1,500,READY
691245,2025-09-16T14:11:25.641877,164.3656,FALSE,NONE,BOOST,1,34.25,1,500,READY
691346,2025-09-16T14:11:26.241385,164.3999,FALSE,NONE,BOOST,1,54.81,1,500,READY
691445,2025-09-16T14:11:26.841493,164.3656,FALSE,NONE,BOOST,1,45.33,1,500,READY
691545,2025-09-16T14:11:27.442060,164.3656,FALSE,NONE,BOOST,1,45.5,1,500,READY
691645,2025-09-16T14:11:28.461488,165.7547,FALSE,NONE,BOOST,1,44.24,1,500,READY
691745,2025-09-16T14:11:29.060964,165.7547,FALSE,NONE,BOOST,1,44,1,500,READY
691845,2025-09-16T14:11:29.660635,165.8062,FALSE,NONE,BOOST,1,33.89,1,500,READY
691946,2025-09-16T14:11:30.260679,165.8062,FALSE,NONE,BOOST,1,33.67,1,500,READY
692045,2025-09-16T14:11:30.860817,165.8062,FALSE,NONE,BOOST,1,33.98,1,500,READY
692145,2025-09-16T14:11:31.461132,166.0291,FALSE,NONE,BOOST,1,46.48,1,500,READY
692245,2025-09-16T14:11:32.061484,166.0291,FALSE,NONE,BOOST,1,45.79,1,500,READY
692345,2025-09-16T14:11:32.661970,166.0291,FALSE,NONE,BOOST,1,44.4,1,500,READY
692445,2025-09-16T14:11:33.261570,166.0806,FALSE,NONE,BOOST,1,54.1,1,500,READY
692546,2025-09-16T14:11:33.861479,166.0291,FALSE,NONE,BOOST,1,44.67,1,500,READY
692645,2025-09-16T14:11:34.460942,166.3893,FALSE,NONE,BOOST,1,45.69,1,500,READY
692745,2025-09-16T14:11:35.061807,166.698,FALSE,NONE,BOOST,1,45.73,1,500,READY
692845,2025-09-16T14:11:35.661283,166.3893,FALSE,NONE,BOOST,1,34.78,1,500,READY
692945,2025-09-16T14:11:36.261665,165.7033,FALSE,NONE,BOOST,1,45.25,1,500,READY
693045,2025-09-16T14:11:36.861264,166.3893,FALSE,NONE,BOOST,1,45.36,1,500,READY
693146,2025-09-16T14:11:37.461755,165.7033,FALSE,NONE,BOOST,1,43.65,1,500,READY
693245,2025-09-16T14:11:38.382071,165.7033,FALSE,NONE,BOOST,1,67.89,1,500,READY
693345,2025-09-16T14:11:38.981748,166.0806,FALSE,NONE,BOOST,1,46.39,1,500,READY
693445,2025-09-16T14:11:39.582200,166.0806,FALSE,NONE,BOOST,1,45.04,1,500,READY
693545,2025-09-16T14:11:40.182769,166.0806,FALSE,NONE,BOOST,1,44.43,1,500,READY
693645,2025-09-16T14:11:40.782554,166.3893,FALSE,NONE,BOOST,1,54.39,1,500,READY
693746,2025-09-16T14:11:41.382460,166.3893,FALSE,NONE,BOOST,1,45.44,1,500,READY
693845,2025-09-16T14:11:41.982840,165.4117,FALSE,NONE,BOOST,1,33.91,1,500,READY
693945,2025-09-16T14:11:42.587625,149.8224,FALSE,NONE,BOOST,1,44.05,1,500,READY
694045,2025-09-16T14:11:43.182941,149.4794,FALSE,NONE,BOOST,1,45.94,1,500,READY
694145,2025-09-16T14:11:43.783507,149.4794,FALSE,NONE,BOOST,1,55.15,1,500,READY
694245,2025-09-16T14:11:44.383471,149.4794,FALSE,NONE,BOOST,1,44.64,1,500,READY
694346,2025-09-16T14:11:44.983176,149.4794,FALSE,NONE,BOOST,1,34.23,1,500,READY
694445,2025-09-16T14:11:45.583570,132.1236,FALSE,NONE,BOOST,1,44.73,1,500,READY
694545,2025-09-16T14:11:46.183290,116.157,FALSE,NONE,BOOST,1,44.82,1,500,READY
694645,2025-09-16T14:11:46.783997,115.0422,FALSE,NONE,BOOST,1,87.93,1,500,READY
694745,2025-09-16T14:11:47.384142,114.0647,FALSE,NONE,BOOST,1,44.87,1,500,READY
694845,2025-09-16T14:11:48.443185,97.05185,FALSE,NONE,STRAIGHT,0.65,56.44,1,600,READY
694946,2025-09-16T14:11:48.584898,80.69075,FALSE,NONE,STRAIGHT,0.65,44.23,1,600,READY
695045,2025-09-16T14:11:49.484402,62.7347,FALSE,NONE,STRAIGHT,0.65,55.13,1,600,READY
695145,2025-09-16T14:11:50.385718,62.54605,FALSE,NONE,STRAIGHT,0.65,45.83,1,600,READY
695245,2025-09-16T14:11:51.285565,62.51175,FALSE,NONE,STRAIGHT,0.65,56.45,1,600,READY
695345,2025-09-16T14:11:52.186593,62.54605,FALSE,NONE,STRAIGHT,0.65,43.78,1,600,READY
729731,2025-09-16T14:11:58.178530,164.1255,FALSE,NONE,BOOST,1,33.16,1,600,READY
729832,2025-09-16T14:11:58.223739,164.2627,FALSE,NONE,BOOST,1,33.84,1,600,READY
729931,2025-09-16T14:11:58.269331,164.1255,FALSE,NONE,BOOST,1,43.91,1,600,READY
730031,2025-09-16T14:11:58.325625,163.6967,FALSE,NONE,BOOST,1,44.48,1,600,READY
735035,2025-09-16T14:12:03.464348,163.7139,FALSE,NONE,BOOST,1,45.51,1,600,READY
735134,2025-09-16T14:12:03.521746,163.3537,FALSE,NONE,BOOST,1,45.86,1,600,READY
735234,2025-09-16T14:12:03.580157,163.3537,FALSE,NONE,BOOST,1,33.99,1,600,READY
735335,2025-09-16T14:12:03.625954,163.3537,FALSE,NONE,BOOST,1,44.42,1,600,READY
735435,2025-09-16T14:12:03.682271,163.7139,FALSE,NONE,BOOST,1,34.08,1,600,READY
735535,2025-09-16T14:12:03.728704,163.3537,FALSE,NONE,BOOST,0.995,45.5,1,600,READY
735636,2025-09-16T14:12:03.786677,164.0397,FALSE,NONE,BOOST,0.985,46.85,1,600,READY
735735,2025-09-16T14:12:03.933925,164.0741,FALSE,NONE,BOOST,0.99,44.44,1,600,READY
735835,2025-09-16T14:12:04.534081,164.0397,FALSE,NONE,BOOST,1,43.92,1,600,READY
735935,2025-09-16T14:12:05.134494,164.0397,FALSE,NONE,BOOST,1,46.27,1,600,READY
736035,2025-09-16T14:12:05.734937,164.0397,FALSE,NONE,BOOST,1,55.9,1,600,READY
736135,2025-09-16T14:12:06.335690,162.7878,FALSE,NONE,BOOST,1,35.19,1,600,READY
736236,2025-09-16T14:12:06.936240,162.7878,FALSE,NONE,BOOST,1,45.11,1,600,READY
736335,2025-09-16T14:12:07.536335,163.7654,FALSE,NONE,BOOST,1,44.3,1,600,READY
736435,2025-09-16T14:12:08.137119,162.7878,FALSE,NONE,BOOST,1,46.74,1,600,READY
736535,2025-09-16T14:12:08.737374,163.7654,FALSE,NONE,BOOST,1,45.6,1,600,READY
736635,2025-09-16T14:12:09.337487,163.7654,FALSE,NONE,BOOST,1,44.86,1,600,READY
736735,2025-09-16T14:12:09.938760,163.0279,FALSE,NONE,BOOST,1,45.63,1,600,READY
736837,2025-09-16T14:12:10.538077,163.0279,FALSE,NONE,BOOST,1,34.82,1,600,READY
736935,2025-09-16T14:12:11.139063,163.0279,FALSE,NONE,BOOST,1,35.71,1,600,READY
737036,2025-09-16T14:12:11.738505,162.1704,FALSE,NONE,BOOST,1,33.19,1,600,READY
737136,2025-09-16T14:12:12.339071,162.1704,FALSE,NONE,BOOST,1,44.8,1,600,READY
737236,2025-09-16T14:12:12.963365,162.1704,FALSE,NONE,BOOST,1,85.08,1,600,READY
737336,2025-09-16T14:12:13.540596,162.1704,FALSE,NONE,BOOST,1,57.25,1,600,READY
737437,2025-09-16T14:12:14.241206,162.4276,FALSE,NONE,BOOST,1,61.87,1,600,READY
737536,2025-09-16T14:12:14.842184,162.4276,FALSE,NONE,BOOST,0.99,45.14,1,600,READY
737636,2025-09-16T14:12:15.441770,161.7245,FALSE,NONE,BOOST,0.991666667,58.85,1,600,READY
737736,2025-09-16T14:12:16.042579,162.4276,FALSE,NONE,BOOST,0.991666667,45.08,1,600,READY
737836,2025-09-16T14:12:16.642763,161.7245,FALSE,NONE,BOOST,0.995,59.25,1,600,READY
753928,2025-09-16T14:12:22.345659,15.58935,FALSE,NONE,STRAIGHT,0.65,34.7,1,600,READY
754028,2025-09-16T14:12:22.392732,15.8123,FALSE,NONE,STRAIGHT,0.65,45.34,1,600,READY
754128,2025-09-16T14:12:22.450106,16.54975,FALSE,NONE,STRAIGHT,0.65,34.36,1,600,READY
754229,2025-09-16T14:12:22.496567,18.33335,FALSE,NONE,STRAIGHT,0.65,55.33,1,600,READY
754328,2025-09-16T14:12:22.564577,19.84255,FALSE,NONE,STRAIGHT,0.65,34.65,1,600,READY
754428,2025-09-16T14:12:22.611239,21.5404,FALSE,NONE,STRAIGHT,0.65,33.95,1,600,READY
754528,2025-09-16T14:12:23.427373,21.86625,FALSE,NONE,STRAIGHT,0.65,47.5,1,600,READY
754628,2025-09-16T14:12:24.328232,24.13005,FALSE,NONE,STRAIGHT,0.65,44.7,1,600,READY
754728,2025-09-16T14:12:25.229696,25.5192,FALSE,NONE,STRAIGHT,0.65,45.32,1,600,READY
754829,2025-09-16T14:12:26.130479,25.60495,FALSE,NONE,STRAIGHT,0.65,34.94,1,600,READY
754928,2025-09-16T14:12:27.030846,27.21705,FALSE,NONE,STRAIGHT,0.65,45.58,1,600,READY
755028,2025-09-16T14:12:28.392003,28.9492,FALSE,NONE,STRAIGHT,1,56.22,1,700,READY
755128,2025-09-16T14:12:28.832510,29.00065,FALSE,NONE,STRAIGHT,1,45.02,1,700,READY
755228,2025-09-16T14:12:29.733289,31.556,FALSE,NONE,STRAIGHT,1,35.81,1,700,READY
755328,2025-09-16T14:12:30.634124,31.95045,FALSE,NONE,STRAIGHT,1,45,1,700,READY
755430,2025-09-16T14:12:31.535053,33.614,FALSE,NONE,STRAIGHT,1,44.31,1,700,READY
755529,2025-09-16T14:12:32.435792,34.2657,FALSE,NONE,STRAIGHT,1,45.43,1,700,READY
755629,2025-09-16T14:12:33.337110,34.5401,FALSE,NONE,STRAIGHT,1,58.36,1,700,READY
755729,2025-09-16T14:12:34.238359,35.2604,FALSE,NONE,STRAIGHT,0.99,44.02,1,700,READY
755829,2025-09-16T14:12:35.139664,36.95825,FALSE,NONE,STRAIGHT,1,56.12,1,700,READY
755929,2025-09-16T14:12:36.039576,36.95825,FALSE,NONE,STRAIGHT,1,34.26,1,700,READY
756030,2025-09-16T14:12:36.940627,36.95825,FALSE,NONE,STRAIGHT,1,34.18,1,700,READY
756129,2025-09-16T14:12:37.841618,31.8647,FALSE,NONE,STRAIGHT,1,43.92,1,700,READY
756229,2025-09-16T14:12:38.742426,30.3555,FALSE,NONE,STRAIGHT,1,58.99,1,700,READY
756329,2025-09-16T14:12:39.643925,30.184,FALSE,NONE,STRAIGHT,1,44.1,1,700,READY
756429,2025-09-16T14:12:40.545279,29.9439,FALSE,NONE,STRAIGHT,1,58.03,1,700,READY
756529,2025-09-16T14:12:41.446266,27.9545,FALSE,NONE,STRAIGHT,1,57.02,1,700,READY
756630,2025-09-16T14:12:42.347723,27.9545,FALSE,NONE,STRAIGHT,1,43.67,1,700,READY
756729,2025-09-16T14:12:43.252865,16.54975,FALSE,NONE,STRAIGHT,1,57.24,1,700,READY
756830,2025-09-16T14:12:44.148677,16.54975,FALSE,NONE,STRAIGHT,1,56.66,1,700,READY
756930,2025-09-16T14:12:45.049824,16.54975,FALSE,NONE,STRAIGHT,1,46.02,1,700,READY
757030,2025-09-16T14:12:45.951046,18.88215,FALSE,NONE,STRAIGHT,1,33.27,1,700,READY
757130,2025-09-16T14:12:46.852228,19.25945,FALSE,NONE,STRAIGHT,1,58.8,1,700,READY
757231,2025-09-16T14:12:47.753483,20.15125,FALSE,NONE,STRAIGHT,1,58.04,1,700,READY
757330,2025-09-16T14:12:48.654141,22.27785,FALSE,NONE,STRAIGHT,1,59.08,1,700,READY
757430,2025-09-16T14:12:49.555338,23.20395,FALSE,NONE,STRAIGHT,1,32.06,1,700,READY
757530,2025-09-16T14:12:50.456288,23.88995,FALSE,NONE,STRAIGHT,1,48.92,1,700,READY
757630,2025-09-16T14:12:51.357707,26.22235,FALSE,NONE,STRAIGHT,1,55.81,1,700,READY
757730,2025-09-16T14:12:52.257468,26.5139,FALSE,NONE,STRAIGHT,1,56.68,1,700,READY
757831,2025-09-16T14:12:53.159221,28.55475,FALSE,NONE,STRAIGHT,1,57.58,1,700,READY
757930,2025-09-16T14:12:54.059820,29.96105,FALSE,NONE,STRAIGHT,1,56.48,1,700,READY
758030,2025-09-16T14:12:54.960583,29.96105,FALSE,NONE,STRAIGHT,0.98,54.68,1,700,READY
792546,2025-09-16T14:13:00.953358,160.7469,FALSE,NONE,BOOST,1,55.21,1,700,READY
792646,2025-09-16T14:13:01.020305,89.6602,FALSE,NONE,STRAIGHT,0.65,55.4,1,700,READY
792747,2025-09-16T14:13:01.087321,89.60875,FALSE,NONE,STRAIGHT,0.65,44.35,1,700,READY
792846,2025-09-16T14:13:01.143546,75.6658,FALSE,NONE,STRAIGHT,0.75,57.16,1,700,READY
792946,2025-09-16T14:13:01.646629,72.63025,FALSE,NONE,STRAIGHT,0.75,55.61,1,700,READY
799252,2025-09-16T14:13:07.651974,53.31935,FALSE,NONE,STRAIGHT,0.87,45.21,1,700,READY
799352,2025-09-16T14:13:07.709112,55.61745,FALSE,NONE,STRAIGHT,0.87,33.83,1,700,READY
799452,2025-09-16T14:13:07.754320,55.61745,FALSE,NONE,STRAIGHT,0.87,32.51,1,700,READY
799552,2025-09-16T14:13:07.798970,55.61745,FALSE,NONE,STRAIGHT,0.87,32.81,1,700,READY
799652,2025-09-16T14:13:07.843676,47.2654,FALSE,NONE,STRAIGHT,0.87,33.57,1,700,READY
799753,2025-09-16T14:13:07.888667,47.24825,FALSE,NONE,STRAIGHT,0.87,32.92,1,700,READY
799853,2025-09-16T14:13:08.353574,47.24825,FALSE,NONE,STRAIGHT,0.87,45.72,1,700,READY
799953,2025-09-16T14:13:09.255384,47.2654,FALSE,NONE,STRAIGHT,0.87,33.96,1,700,READY
800053,2025-09-16T14:13:10.156576,50.6268,FALSE,NONE,STRAIGHT,0.75,44.48,1,700,READY
800153,2025-09-16T14:13:11.056377,51.2099,FALSE,NONE,STRAIGHT,0.75,31.93,1,700,READY
800253,2025-09-16T14:13:11.958259,51.57005,FALSE,NONE,STRAIGHT,0.75,32.57,1,700,READY
800354,2025-09-16T14:13:12.858349,53.9539,FALSE,NONE,STRAIGHT,0.75,44.37,1,700,READY
800453,2025-09-16T14:13:13.763603,55.54885,FALSE,NONE,STRAIGHT,0.75,55.45,1,700,READY
800553,2025-09-16T14:13:14.659365,57.5211,FALSE,NONE,STRAIGHT,0.75,44.15,1,700,READY
800653,2025-09-16T14:13:16.030729,59.5448,FALSE,NONE,STRAIGHT,0.97,32.36,1,800,READY
800754,2025-09-16T14:13:16.462650,60.5052,FALSE,NONE,STRAIGHT,0.97,43.69,1,800,READY
800854,2025-09-16T14:13:17.363321,63.2492,FALSE,NONE,STRAIGHT,0.97,44.91,1,800,READY
800954,2025-09-16T14:13:18.264117,64.9642,FALSE,NONE,STRAIGHT,0.97,44.19,1,800,READY
801054,2025-09-16T14:13:19.164018,65.97605,FALSE,NONE,STRAIGHT,0.97,44.36,1,800,READY
801154,2025-09-16T14:13:20.065953,67.65675,FALSE,NONE,STRAIGHT,0.97,31.78,1,800,READY
801255,2025-09-16T14:13:20.966077,68.30845,FALSE,NONE,STRAIGHT,0.97,31.61,1,800,READY
801354,2025-09-16T14:13:21.867470,69.9377,FALSE,NONE,STRAIGHT,0.97,43.73,1,800,READY
801454,2025-09-16T14:13:22.768252,71.2411,FALSE,NONE,STRAIGHT,0.97,43.52,1,800,READY
801554,2025-09-16T14:13:23.668683,71.2411,FALSE,NONE,STRAIGHT,0.97,45.62,1,800,READY
801654,2025-09-16T14:13:24.570585,69.9377,FALSE,NONE,STRAIGHT,0.97,43.66,1,800,READY
801754,2025-09-16T14:13:25.470456,60.2308,FALSE,NONE,STRAIGHT,0.97,43.94,1,800,READY
801855,2025-09-16T14:13:26.372714,47.59125,FALSE,NONE,STRAIGHT,0.97,44.69,1,800,READY
801955,2025-09-16T14:13:27.272247,47.59125,FALSE,NONE,STRAIGHT,0.97,34.22,1,800,READY
802055,2025-09-16T14:13:28.172927,47.59125,FALSE,NONE,STRAIGHT,0.97,45.59,1,800,READY
802156,2025-09-16T14:13:29.074011,51.19275,FALSE,NONE,STRAIGHT,0.97,43.31,1,800,READY
802255,2025-09-16T14:13:29.974831,51.2785,FALSE,NONE,STRAIGHT,0.97,44.22,1,800,READY
802355,2025-09-16T14:13:30.875978,53.90245,FALSE,NONE,STRAIGHT,0.97,45.2,1,800,READY
802455,2025-09-16T14:13:31.776927,55.54885,FALSE,NONE,STRAIGHT,0.97,45.3,1,800,READY
802555,2025-09-16T14:13:32.677571,56.6293,FALSE,NONE,STRAIGHT,0.97,43.74,1,800,READY
802655,2025-09-16T14:13:33.577964,59.6477,FALSE,NONE,STRAIGHT,1,44.6,1,800,READY
802756,2025-09-16T14:13:34.478979,59.87065,FALSE,NONE,STRAIGHT,1,45.13,1,800,READY
802855,2025-09-16T14:13:35.378724,61.92865,FALSE,NONE,STRAIGHT,1,32.69,1,800,READY
802956,2025-09-16T14:13:36.279935,63.9695,FALSE,NONE,STRAIGHT,1,45.72,1,800,READY
803057,2025-09-16T14:13:37.180176,64.9642,FALSE,NONE,STRAIGHT,1,32.8,1,800,READY
803156,2025-09-16T14:13:38.081673,67.6053,FALSE,NONE,STRAIGHT,1,44.25,1,800,READY
803256,2025-09-16T14:13:38.982747,68.30845,FALSE,NONE,STRAIGHT,1,43.86,1,800,READY
803356,2025-09-16T14:13:39.882599,69.92055,FALSE,NONE,STRAIGHT,1,44.28,1,800,READY
837466,2025-09-16T14:13:45.871930,130.6658,FALSE,NONE,BOOST,0.99,45.37,1,800,READY
837566,2025-09-16T14:13:45.935315,116.7401,FALSE,NONE,BOOST,1,33.15,1,800,READY
837666,2025-09-16T14:13:45.980621,116.2255,FALSE,NONE,BOOST,1,33.08,1,800,READY
837766,2025-09-16T14:13:46.025604,116.2255,FALSE,NONE,BOOST,1,33.48,1,800,READY
837866,2025-09-16T14:13:46.266969,116.7401,FALSE,NONE,BOOST,1,43.74,1,800,READY
837966,2025-09-16T14:13:46.868995,116.7401,FALSE,NONE,BOOST,0.98,54.18,1,800,READY
838066,2025-09-16T14:13:47.468587,115.3337,FALSE,NONE,BOOST,1,33.83,1,800,READY
838166,2025-09-16T14:13:48.069286,103.3288,FALSE,NONE,BOOST,0.89,45.11,1,800,READY
838267,2025-09-16T14:13:48.669080,90.41479,FALSE,NONE,STRAIGHT,0.97,32.56,1,800,READY
838366,2025-09-16T14:13:49.269667,90.41479,FALSE,NONE,STRAIGHT,0.97,34.72,1,800,READY
838466,2025-09-16T14:13:50.170374,90.41479,FALSE,NONE,STRAIGHT,0.96,44.18,1,800,READY
838566,2025-09-16T14:13:51.070639,92.3356,FALSE,NONE,STRAIGHT,0.95,33.97,1,800,READY
838667,2025-09-16T14:13:51.971266,92.97015,FALSE,NONE,STRAIGHT,0.95,45.41,1,800,READY
838767,2025-09-16T14:13:52.872571,94.37645,FALSE,NONE,STRAIGHT,0.95,44.51,1,800,READY
838867,2025-09-16T14:13:53.772364,96.05715,FALSE,NONE,STRAIGHT,0.95,32.72,1,800,READY
838967,2025-09-16T14:13:54.673352,97.0004,FALSE,NONE,STRAIGHT,0.95,44.62,1,800,READY
839067,2025-09-16T14:13:55.574197,98.66395,FALSE,NONE,STRAIGHT,0.95,34.2,1,800,READY
839168,2025-09-16T14:13:56.474670,100.0188,FALSE,NONE,STRAIGHT,0.95,33.98,1,800,READY
839267,2025-09-16T14:13:57.375333,100.0188,FALSE,NONE,STRAIGHT,0.97,45.17,1,800,READY
839367,2025-09-16T14:13:58.295599,100.0188,FALSE,NONE,STRAIGHT,0.98,58.66,1,800,READY
839467,2025-09-16T14:13:59.196370,100.7391,FALSE,NONE,STRAIGHT,0.98,33.65,1,800,READY
839567,2025-09-16T14:14:00.097029,96.43445,FALSE,NONE,STRAIGHT,0.98,44.68,1,800,READY
839667,2025-09-16T14:14:01.617202,91.7182,FALSE,NONE,STRAIGHT,0.97,35.08,1,900,READY
839767,2025-09-16T14:14:01.899239,92.31845,FALSE,NONE,STRAIGHT,0.97,33.31,1,900,READY
839867,2025-09-16T14:14:02.800108,93.6733,FALSE,NONE,STRAIGHT,0.95,54.86,1,900,READY
839967,2025-09-16T14:14:03.700342,93.6733,FALSE,NONE,STRAIGHT,0.95,43.48,1,900,READY
840069,2025-09-16T14:14:04.601470,93.6733,FALSE,NONE,STRAIGHT,1,44.22,1,900,READY
840168,2025-09-16T14:14:05.501411,95.3197,FALSE,NONE,STRAIGHT,1,44.05,1,900,READY
840268,2025-09-16T14:14:06.402507,95.64555,FALSE,NONE,STRAIGHT,0.99,32.08,1,900,READY
840368,2025-09-16T14:14:07.303398,97.6178,FALSE,NONE,STRAIGHT,0.99,34.06,1,900,READY
840468,2025-09-16T14:14:08.204430,98.28665,FALSE,NONE,STRAIGHT,0.99,44.97,1,900,READY
840568,2025-09-16T14:14:09.104962,99.65865,FALSE,NONE,STRAIGHT,0.66,42.67,1,900,READY
840668,2025-09-16T14:14:10.005534,100.619,FALSE,NONE,BOOST,0.66,55.33,1,900,READY
840768,2025-09-16T14:14:10.905712,100.619,FALSE,NONE,BOOST,0.66,44.76,1,900,READY
840868,2025-09-16T14:14:11.505508,100.619,FALSE,NONE,BOOST,0.66,44.12,1,900,READY
840969,2025-09-16T14:14:12.105865,90.02035,FALSE,NONE,STRAIGHT,1,43.94,1,900,READY
841068,2025-09-16T14:14:12.707353,90.02035,FALSE,NONE,STRAIGHT,1,43.62,1,900,READY
841168,2025-09-16T14:14:13.606648,90.02035,FALSE,NONE,STRAIGHT,1,42.86,1,900,READY
841268,2025-09-16T14:14:14.508376,90.9636,FALSE,NONE,STRAIGHT,1,32.15,1,900,READY
841368,2025-09-16T14:14:15.407308,92.28415,FALSE,NONE,STRAIGHT,1,33.85,1,900,READY
841469,2025-09-16T14:14:16.314814,93.93055,FALSE,NONE,STRAIGHT,1,44.62,1,900,READY
873890,2025-09-16T14:14:22.299317,164.4685,FALSE,NONE,BOOST,1,45.18,1,900,READY
873990,2025-09-16T14:14:22.356803,153.4239,FALSE,NONE,BOOST,1,31.97,1,900,READY
874090,2025-09-16T14:14:22.401089,138.0575,FALSE,NONE,BOOST,1,32.47,1,900,READY
874190,2025-09-16T14:14:22.446154,122.1766,FALSE,NONE,BOOST,1,33.22,1,900,READY
874290,2025-09-16T14:14:22.491259,122.1766,FALSE,NONE,BOOST,1,42.75,1,900,READY
874390,2025-09-16T14:14:23.012284,105.6611,FALSE,NONE,BOOST,0.97,44.45,1,900,READY
874490,2025-09-16T14:14:23.613416,90.02035,FALSE,NONE,STRAIGHT,0.96,43.49,1,900,READY
874590,2025-09-16T14:14:24.232859,71.9614,FALSE,NONE,STRAIGHT,0.96,43.72,1,900,READY
874692,2025-09-16T14:14:25.133860,55.54885,FALSE,NONE,STRAIGHT,1,43.62,1,900,READY
874791,2025-09-16T14:14:26.034761,39.4793,FALSE,NONE,STRAIGHT,1,44.84,1,900,READY
874911,2025-09-16T14:14:26.933843,39.4793,FALSE,NONE,STRAIGHT,1,43.88,1,900,READY
875011,2025-09-16T14:14:27.834078,39.4793,FALSE,NONE,STRAIGHT,0.992,43.62,1,900,READY
875111,2025-09-16T14:14:28.734901,164.3656,FALSE,NONE,BOOST,1,44.26,1,900,READY
875211,2025-09-16T14:14:29.636019,164.3828,FALSE,NONE,BOOST,1,55.12,1,900,READY
875311,2025-09-16T14:14:30.235735,165.4289,FALSE,NONE,BOOST,1,44.56,1,900,READY
875411,2025-09-16T14:14:30.836463,165.7204,FALSE,NONE,BOOST,1,33.44,1,900,READY
875511,2025-09-16T14:14:31.436832,165.4289,FALSE,NONE,BOOST,1,45.47,1,900,READY
875612,2025-09-16T14:14:32.036400,165.4289,FALSE,NONE,BOOST,0.99,43.83,1,900,READY
875711,2025-09-16T14:14:32.636705,166.3893,FALSE,NONE,BOOST,0.99,44.26,1,900,READY
875811,2025-09-16T14:14:33.237828,166.3893,FALSE,NONE,BOOST,1,43.74,1,900,READY
875911,2025-09-16T14:14:33.837367,165.7719,FALSE,NONE,BOOST,1,34.23,1,900,READY
876011,2025-09-16T14:14:34.438460,165.7719,FALSE,NONE,BOOST,1,45.87,1,900,READY
876111,2025-09-16T14:14:35.039231,165.7033,FALSE,NONE,BOOST,1,44.87,1,900,READY
876211,2025-09-16T14:14:35.638737,165.7033,FALSE,NONE,BOOST,1,44.7,1,900,READY
876311,2025-09-16T14:14:36.239372,165.7033,FALSE,NONE,BOOST,1,43.69,1,900,READY
876411,2025-09-16T14:14:36.838945,164.4514,FALSE,NONE,BOOST,1,44.13,1,900,READY
876513,2025-09-16T14:14:37.439324,157.5914,FALSE,NONE,BOOST,1,33.44,1,900,READY
876611,2025-09-16T14:14:38.038892,141.4017,FALSE,NONE,BOOST,1,44.83,1,900,READY
876711,2025-09-16T14:14:38.639235,126.0525,FALSE,NONE,BOOST,1,44.69,1,900,READY
876812,2025-09-16T14:14:39.239789,108.388,FALSE,NONE,BOOST,0.99,44.56,1,900,READY
876911,2025-09-16T14:14:39.840181,92.04405,FALSE,NONE,STRAIGHT,1,56.55,1,900,READY
877012,2025-09-16T14:14:41.280008,75.3571,FALSE,NONE,STRAIGHT,1,61,1,1000,READY
877112,2025-09-16T14:14:41.353720,57.84695,FALSE,NONE,STRAIGHT,1,59.75,1,1000,READY
877212,2025-09-16T14:14:42.240466,42.24045,FALSE,NONE,STRAIGHT,1,58.16,1,1000,READY
877332,2025-09-16T14:14:43.141338,42.24045,FALSE,NONE,STRAIGHT,1,44.48,1,1000,READY
877433,2025-09-16T14:14:44.041171,42.24045,FALSE,NONE,STRAIGHT,1,44.57,1,1000,READY
877532,2025-09-16T14:14:44.941538,164.3999,FALSE,NONE,BOOST,1,45.09,1,1000,READY
877632,2025-09-16T14:14:45.841787,165.7547,FALSE,NONE,BOOST,1,45.42,1,1000,READY
877732,2025-09-16T14:14:46.567178,165.7547,FALSE,NONE,BOOST,1,44.68,1,1000,READY
877832,2025-09-16T14:14:47.162375,165.7547,FALSE,NONE,BOOST,1,34.03,1,1000,READY
877932,2025-09-16T14:14:47.763093,165.7547,FALSE,NONE,BOOST,1,45.09,1,1000,READY
878032,2025-09-16T14:14:48.362581,165.0687,FALSE,NONE,BOOST,1,45.17,1,1000,READY
878132,2025-09-16T14:14:48.963156,165.0687,FALSE,NONE,BOOST,1,44.85,1,1000,READY
878232,2025-09-16T14:14:49.563401,165.0859,FALSE,NONE,BOOST,1,45.39,1,1000,READY
878333,2025-09-16T14:14:50.163604,165.0687,FALSE,NONE,BOOST,1,45.65,1,1000,READY
878432,2025-09-16T14:14:50.763467,165.0859,FALSE,NONE,BOOST,1,45.39,1,1000,READY
878532,2025-09-16T14:14:51.363272,165.0859,FALSE,NONE,BOOST,1,45.08,1,1000,READY
878632,2025-09-16T14:14:51.963736,165.0859,FALSE,NONE,BOOST,1,55.91,1,1000,READY
878732,2025-09-16T14:14:52.563902,165.3774,FALSE,NONE,BOOST,1,57.61,1,1000,READY
878832,2025-09-16T14:14:53.163907,165.3774,FALSE,NONE,BOOST,1,55.63,1,1000,READY
878933,2025-09-16T14:14:53.764774,165.3774,FALSE,NONE,BOOST,1,45.68,1,1000,READY
879032,2025-09-16T14:14:54.364925,165.3774,FALSE,NONE,BOOST,1,60.33,1,1000,READY
912044,2025-09-16T14:15:00.461009,155.2932,FALSE,NONE,BOOST,1,34.86,1,1000,READY
912144,2025-09-16T14:15:00.508914,155.0188,FALSE,NONE,BOOST,1,45.39,1,1000,READY
912245,2025-09-16T14:15:00.566070,155.0188,FALSE,NONE,BOOST,1,58.86,1,1000,READY
912344,2025-09-16T14:15:00.637385,155.036,FALSE,NONE,BOOST,1,60.24,1,1000,READY
912444,2025-09-16T14:15:00.710516,155.0188,FALSE,NONE,BOOST,1,59.99,1,1000,READY
912544,2025-09-16T14:15:01.146035,155.036,FALSE,NONE,BOOST,1,56.56,1,1000,READY
912644,2025-09-16T14:15:01.746847,157.7285,FALSE,NONE,BOOST,1,46.63,1,1000,READY
912744,2025-09-16T14:15:02.347460,157.0254,FALSE,NONE,BOOST,1,33.12,1,1000,READY
912844,2025-09-16T14:15:02.946913,159.7522,FALSE,NONE,BOOST,1,56.97,1,1000,READY
912944,2025-09-16T14:15:03.547497,159.7522,FALSE,NONE,BOOST,1,44.77,1,1000,READY
913044,2025-09-16T14:15:04.148317,159.3578,FALSE,NONE,BOOST,0.99,56.75,1,1000,READY
913145,2025-09-16T14:15:04.748515,159.3578,FALSE,NONE,BOOST,1,33.04,1,1000,READY
913244,2025-09-16T14:15:05.349455,159.3578,FALSE,NONE,BOOST,1,46.97,1,1000,READY
913344,2025-09-16T14:15:05.948904,159.3578,FALSE,NONE,BOOST,1,43.99,1,1000,READY
913444,2025-09-16T14:15:06.548987,159.7522,FALSE,NONE,BOOST,1,56.13,1,1000,READY
913544,2025-09-16T14:15:07.150415,159.7522,FALSE,NONE,BOOST,1,44.24,1,1000,READY
913644,2025-09-16T14:15:07.750398,159.7522,FALSE,NONE,BOOST,1,45.39,1,1000,READY
913744,2025-09-16T14:15:08.351386,159.7522,FALSE,NONE,BOOST,1,33.24,1,1000,READY
913844,2025-09-16T14:15:08.951127,159.7351,FALSE,NONE,BOOST,1,33.71,1,1000,READY
913944,2025-09-16T14:15:09.551564,159.7179,FALSE,NONE,BOOST,1,33.66,1,1000,READY
914045,2025-09-16T14:15:10.151709,159.7351,FALSE,NONE,BOOST,1,45.44,1,1000,READY
914144,2025-09-16T14:15:10.753026,159.7179,FALSE,NONE,BOOST,1,46.55,1,1000,READY
914244,2025-09-16T14:15:11.352269,159.7179,FALSE,NONE,BOOST,1,47.3,1,1000,READY
914344,2025-09-16T14:15:11.952868,159.7179,FALSE,NONE,BOOST,1,56.34,1,1000,READY
914444,2025-09-16T14:15:12.553563,159.7179,FALSE,NONE,BOOST,1,34.01,1,1000,READY
914544,2025-09-16T14:15:13.153531,159.7179,FALSE,NONE,BOOST,1,45.12,1,1000,READY
914646,2025-09-16T14:15:13.754925,159.7179,FALSE,NONE,BOOST,1,54.71,1,1000,READY
914744,2025-09-16T14:15:14.355901,159.7179,FALSE,NONE,BOOST,1,61.59,1,1000,READY
914845,2025-09-16T14:15:14.955733,160.0609,FALSE,NONE,BOOST,0.99,43.7,1,1000,READY
914945,2025-09-16T14:15:16.353161,160.0609,FALSE,NONE,BOOST,1,44.82,1,1100,READY
915045,2025-09-16T14:15:16.410239,160.0609,FALSE,NONE,BOOST,1,44.55,1,1100,READY
915145,2025-09-16T14:15:16.763379,160.0609,FALSE,NONE,BOOST,0.98,33.3,1,1100,READY
915246,2025-09-16T14:15:17.358020,160.0438,FALSE,NONE,BOOST,1,45.48,1,1100,READY
915345,2025-09-16T14:15:17.958015,160.0438,FALSE,NONE,BOOST,0.991666667,44.64,1,1100,READY
915445,2025-09-16T14:15:18.558779,160.0438,FALSE,NONE,BOOST,1,44.26,1,1100,READY
915545,2025-09-16T14:15:19.158545,160.0438,FALSE,NONE,BOOST,1,45.86,1,1100,READY
915645,2025-09-16T14:15:19.759640,160.0438,FALSE,NONE,BOOST,1,44.35,1,1100,READY
915745,2025-09-16T14:15:20.359689,159.7008,FALSE,NONE,BOOST,1,45.17,1,1100,READY
915846,2025-09-16T14:15:20.960166,159.7008,FALSE,NONE,BOOST,1,44.27,1,1100,READY
915945,2025-09-16T14:15:21.560564,160.6955,FALSE,NONE,BOOST,1,33.93,1,1100,READY
916045,2025-09-16T14:15:22.161180,159.7008,FALSE,NONE,BOOST,1,33.23,1,1100,READY
916145,2025-09-16T14:15:22.761818,160.0438,FALSE,NONE,BOOST,1,55.25,1,1100,READY
916245,2025-09-16T14:15:23.362224,160.6955,FALSE,NONE,BOOST,0.991666667,44.28,1,1100,READY
916345,2025-09-16T14:15:23.962642,160.0438,FALSE,NONE,BOOST,0.996666667,44.25,1,1100,READY
916447,2025-09-16T14:15:24.563590,160.0438,FALSE,NONE,BOOST,0.99,43.27,1,1100,READY
916545,2025-09-16T14:15:25.163328,160.3696,FALSE,NONE,BOOST,1,44.35,1,1100,READY
916645,2025-09-16T14:15:25.763694,160.3696,FALSE,NONE,BOOST,1,45.6,1,1100,READY
916746,2025-09-16T14:15:26.364085,160.3696,FALSE,NONE,BOOST,1,44.15,1,1100,READY
916846,2025-09-16T14:15:26.964474,160.3696,FALSE,NONE,BOOST,1,33.94,1,1100,READY
916946,2025-09-16T14:15:27.564880,160.0438,FALSE,NONE,BOOST,1,45.37,1,1100,READY
917047,2025-09-16T14:15:28.165405,160.0438,FALSE,NONE,BOOST,1,43.86,1,1100,READY
917146,2025-09-16T14:15:28.765440,161.3643,FALSE,NONE,BOOST,1,44.95,1,1100,READY
917246,2025-09-16T14:15:29.366174,160.0438,FALSE,NONE,BOOST,1,44.33,1,1100,READY
917346,2025-09-16T14:15:29.966415,161.0556,FALSE,NONE,BOOST,1,44.48,1,1100,READY
917446,2025-09-16T14:15:30.567205,161.0556,FALSE,NONE,BOOST,1,43.93,1,1100,READY
917546,2025-09-16T14:15:31.167200,159.3407,FALSE,NONE,BOOST,1,33.33,1,1100,READY
917647,2025-09-16T14:15:31.767782,159.3407,FALSE,NONE,BOOST,1,58.33,1,1100,READY
917746,2025-09-16T14:15:32.367830,159.3407,FALSE,NONE,BOOST,1,57.08,1,1100,READY
917846,2025-09-16T14:15:32.968187,159.3407,FALSE,NONE,BOOST,1,57.92,1,1100,READY
950267,2025-09-16T14:15:38.679848,153.9041,FALSE,NONE,BOOST,1,45.66,1,1100,READY
950368,2025-09-16T14:15:38.737814,53.35365,FALSE,NONE,STRAIGHT,1,33.62,1,1100,READY
950468,2025-09-16T14:15:38.783693,52.53045,FALSE,NONE,STRAIGHT,1,32.78,1,1100,READY
950569,2025-09-16T14:15:38.828740,51.2785,FALSE,NONE,STRAIGHT,1,32.51,1,1100,READY
955469,2025-09-16T14:15:43.960092,29.51515,FALSE,NONE,STRAIGHT,0.98,32.87,1,1100,READY
955569,2025-09-16T14:15:44.004986,30.95575,FALSE,NONE,STRAIGHT,1,34.41,1,1100,READY
955670,2025-09-16T14:15:44.051658,30.9729,FALSE,NONE,STRAIGHT,1,33.34,1,1100,READY
955769,2025-09-16T14:15:44.097747,31.19585,FALSE,NONE,STRAIGHT,1,43.54,1,1100,READY
955869,2025-09-16T14:15:44.153561,32.60215,FALSE,NONE,STRAIGHT,1,45.07,1,1100,READY
955970,2025-09-16T14:15:44.210953,32.8937,FALSE,NONE,STRAIGHT,1,44.4,1,1100,READY
956070,2025-09-16T14:15:44.573276,33.5454,FALSE,NONE,STRAIGHT,1,33.02,1,1100,READY
956170,2025-09-16T14:15:45.473592,33.5454,FALSE,NONE,STRAIGHT,1,33.96,1,1100,READY
962973,2025-09-16T14:15:51.454109,13.46275,FALSE,NONE,STRAIGHT,1,44.93,1,1100,READY
963073,2025-09-16T14:15:51.510939,12.5538,FALSE,NONE,STRAIGHT,1,43.89,1,1100,READY
963173,2025-09-16T14:15:51.567494,12.5538,FALSE,NONE,STRAIGHT,1,45.74,1,1100,READY
963273,2025-09-16T14:15:51.625475,13.46275,FALSE,NONE,STRAIGHT,1,45.17,1,1100,READY
963373,2025-09-16T14:15:51.683058,13.84005,FALSE,NONE,STRAIGHT,1,44.62,1,1100,READY
963473,2025-09-16T14:15:51.740059,15.17775,FALSE,NONE,STRAIGHT,1,45,1,1100,READY
963573,2025-09-16T14:15:52.677250,16.48115,FALSE,NONE,STRAIGHT,1,33.76,1,1100,READY
963673,2025-09-16T14:15:53.577247,16.8413,FALSE,NONE,STRAIGHT,1,34.09,1,1100,READY
963774,2025-09-16T14:15:55.348822,17.51015,FALSE,NONE,STRAIGHT,1,32.9,1,1200,READY
963873,2025-09-16T14:15:55.394051,17.836,FALSE,NONE,STRAIGHT,1,32.37,1,1200,READY
963973,2025-09-16T14:15:56.278653,19.53385,FALSE,NONE,STRAIGHT,1,44.59,1,1200,READY
964073,2025-09-16T14:15:57.180055,19.8254,FALSE,NONE,STRAIGHT,1,33.83,1,1200,READY
964173,2025-09-16T14:15:58.080761,20.18555,FALSE,NONE,STRAIGHT,1,43.74,1,1200,READY
964273,2025-09-16T14:15:58.981216,21.52325,FALSE,NONE,STRAIGHT,1,45.71,1,1200,READY
964374,2025-09-16T14:15:59.881597,22.8438,FALSE,NONE,STRAIGHT,1,56.48,1,1200,READY
964473,2025-09-16T14:16:00.782296,23.5298,FALSE,NONE,STRAIGHT,1,34.83,1,1200,READY
978381,2025-09-16T14:16:06.780367,24.19865,FALSE,NONE,STRAIGHT,1,58.26,1,1200,READY
978481,2025-09-16T14:16:06.850576,24.47305,FALSE,NONE,STRAIGHT,1,46.21,1,1200,READY
978581,2025-09-16T14:16:06.909002,24.54165,FALSE,NONE,STRAIGHT,1,50.29,1,1200,READY
978681,2025-09-16T14:16:06.971809,26.80545,FALSE,NONE,STRAIGHT,1,33.96,1,1200,READY
978781,2025-09-16T14:16:07.017501,27.8173,FALSE,NONE,STRAIGHT,1,45.5,1,1200,READY
978882,2025-09-16T14:16:07.074966,28.9149,FALSE,NONE,STRAIGHT,1,34.12,1,1200,READY
978981,2025-09-16T14:16:07.786131,29.841,FALSE,NONE,STRAIGHT,1,45.14,1,1200,READY
979082,2025-09-16T14:16:08.687441,30.92145,FALSE,NONE,STRAIGHT,1,43.56,1,1200,READY
979182,2025-09-16T14:16:09.587870,31.213,FALSE,NONE,STRAIGHT,1,44.83,1,1200,READY
979282,2025-09-16T14:16:10.488612,32.8937,FALSE,NONE,STRAIGHT,1,44.73,1,1200,READY
979382,2025-09-16T14:16:11.388902,33.9227,FALSE,NONE,STRAIGHT,1,44.87,1,1200,READY
979483,2025-09-16T14:16:12.290032,33.93985,FALSE,NONE,STRAIGHT,0.998333333,44.13,1,1200,READY
979582,2025-09-16T14:16:13.190459,35.68915,FALSE,NONE,STRAIGHT,1,44.6,1,1200,READY
979682,2025-09-16T14:16:14.090923,35.8778,FALSE,NONE,STRAIGHT,1,55.7,1,1200,READY
979782,2025-09-16T14:16:14.991105,38.2445,FALSE,NONE,STRAIGHT,0.995,44.23,1,1200,READY
979882,2025-09-16T14:16:15.892582,38.53605,FALSE,NONE,STRAIGHT,0.965714286,43.07,1,1200,READY
979982,2025-09-16T14:16:16.793612,39.9252,FALSE,NONE,STRAIGHT,0.995714286,44.61,1,1200,READY
980083,2025-09-16T14:16:17.700359,40.8856,FALSE,NONE,STRAIGHT,0.99,43.56,1,1200,READY
980182,2025-09-16T14:16:18.594508,41.52015,FALSE,NONE,STRAIGHT,0.99,44.99,1,1200,READY
980282,2025-09-16T14:16:19.495509,44.02405,FALSE,NONE,STRAIGHT,1,34.48,1,1200,READY
980382,2025-09-16T14:16:20.396056,44.02405,FALSE,NONE,STRAIGHT,0.99,44.75,1,1200,READY
980482,2025-09-16T14:16:21.297524,44.02405,FALSE,NONE,STRAIGHT,0.99,44.08,1,1200,READY
980582,2025-09-16T14:16:22.198265,35.5691,FALSE,NONE,STRAIGHT,1,45.56,1,1200,READY
980684,2025-09-16T14:16:23.099428,33.66545,FALSE,NONE,STRAIGHT,1,44.87,1,1200,READY
980783,2025-09-16T14:16:23.999573,32.91085,FALSE,NONE,STRAIGHT,1,33.96,1,1200,READY
980883,2025-09-16T14:16:24.900508,32.91085,FALSE,NONE,STRAIGHT,1,33.6,1,1200,READY
980983,2025-09-16T14:16:25.801448,33.66545,FALSE,NONE,STRAIGHT,1,44.13,1,1200,READY
981083,2025-09-16T14:16:26.702497,34.8831,FALSE,NONE,STRAIGHT,1,45.61,1,1200,READY
981183,2025-09-16T14:16:27.602690,35.9121,FALSE,NONE,STRAIGHT,1,44.78,1,1200,READY
981284,2025-09-16T14:16:28.503308,36.5981,FALSE,NONE,STRAIGHT,1,44.26,1,1200,READY
981383,2025-09-16T14:16:29.404186,38.2445,FALSE,NONE,STRAIGHT,1,44.62,1,1200,READY
981483,2025-09-16T14:16:30.305615,38.9648,FALSE,NONE,STRAIGHT,1,44.81,1,1200,READY
981583,2025-09-16T14:16:31.205778,40.5426,FALSE,NONE,STRAIGHT,1,43.92,1,1200,READY
981683,2025-09-16T14:16:32.106021,40.93705,FALSE,NONE,STRAIGHT,1,33.05,1,1200,READY
981783,2025-09-16T14:16:33.006997,43.23515,FALSE,NONE,STRAIGHT,1,44.65,1,1200,READY
981884,2025-09-16T14:16:33.907589,43.64675,FALSE,NONE,STRAIGHT,1,44.16,1,1200,READY
981983,2025-09-16T14:16:34.808763,44.33275,FALSE,NONE,STRAIGHT,1,44.33,1,1200,READY
982083,2025-09-16T14:16:35.709269,45.0702,FALSE,NONE,STRAIGHT,1,44.58,1,1200,READY
982184,2025-09-16T14:16:36.609059,46.2021,FALSE,NONE,STRAIGHT,1,46.18,1,1200,READY
982284,2025-09-16T14:16:37.510846,48.02,FALSE,NONE,STRAIGHT,1,44.62,1,1200,READY
982384,2025-09-16T14:16:38.411221,48.65455,FALSE,NONE,STRAIGHT,1,32.3,1,1200,READY
982485,2025-09-16T14:16:39.312937,48.9461,FALSE,NONE,STRAIGHT,1,42.9,1,1200,READY
1017711,2025-09-16T14:16:46.111559,155.6019,FALSE,NONE,BOOST,1,57.94,1,1300,READY
1017812,2025-09-16T14:16:46.181258,154.2814,FALSE,NONE,BOOST,1,45.18,1,1300,READY
1017912,2025-09-16T14:16:46.238416,154.2814,FALSE,NONE,BOOST,1,32.95,1,1300,READY
1018012,2025-09-16T14:16:46.283651,155.0017,FALSE,NONE,BOOST,1,33.78,1,1300,READY
1018112,2025-09-16T14:16:46.329423,155.0017,FALSE,NONE,BOOST,1,44.79,1,1300,READY
1018213,2025-09-16T14:16:46.817640,155.0017,FALSE,NONE,BOOST,1,55.97,1,1300,READY
1018312,2025-09-16T14:16:47.417596,155.036,FALSE,NONE,BOOST,0.99,45.37,1,1300,READY
1018412,2025-09-16T14:16:48.024800,155.036,FALSE,NONE,BOOST,1,44.92,1,1300,READY
1018512,2025-09-16T14:16:48.619372,155.3447,FALSE,NONE,BOOST,1,44.81,1,1300,READY
1018612,2025-09-16T14:16:49.219302,155.3618,FALSE,NONE,BOOST,1,44.63,1,1300,READY
1018712,2025-09-16T14:16:49.820079,155.3447,FALSE,NONE,BOOST,1,45.94,1,1300,READY
1018813,2025-09-16T14:16:50.419914,155.3447,FALSE,NONE,BOOST,1,34.52,1,1300,READY
1018912,2025-09-16T14:16:51.020584,155.3447,FALSE,NONE,BOOST,1,44.45,1,1300,READY
1019012,2025-09-16T14:16:51.620640,155.7048,FALSE,NONE,BOOST,1,44.32,1,1300,READY
1019112,2025-09-16T14:16:52.221230,154.35,FALSE,NONE,BOOST,1,43.83,1,1300,READY
1019213,2025-09-16T14:16:52.820805,156.3566,FALSE,NONE,BOOST,1,44.66,1,1300,READY
1019313,2025-09-16T14:16:53.421829,154.0242,FALSE,NONE,BOOST,1,44.1,1,1300,READY
1019414,2025-09-16T14:16:54.021633,154.8302,FALSE,NONE,BOOST,1,43.76,1,1300,READY
1019513,2025-09-16T14:16:54.622929,154.8302,FALSE,NONE,BOOST,1,55.56,1,1300,READY
1019613,2025-09-16T14:16:55.223345,154.8302,FALSE,NONE,BOOST,1,32.96,1,1300,READY
1019713,2025-09-16T14:16:55.823302,154.8302,FALSE,NONE,BOOST,1,45.06,1,1300,READY
1019813,2025-09-16T14:16:56.423540,154.8302,FALSE,NONE,BOOST,1,33.15,1,1300,READY
1019913,2025-09-16T14:16:57.024463,155.7048,FALSE,NONE,BOOST,1,45.32,1,1300,READY
1020014,2025-09-16T14:16:57.623727,154.3843,FALSE,NONE,BOOST,0.99,34.45,1,1300,READY
1020113,2025-09-16T14:16:58.224605,155.0188,FALSE,NONE,BOOST,1,44.53,1,1300,READY
1020213,2025-09-16T14:16:58.825117,155.0188,FALSE,NONE,BOOST,1,34.46,1,1300,READY
1020313,2025-09-16T14:16:59.425851,155.0531,FALSE,NONE,BOOST,1,44.22,1,1300,READY
1020413,2025-09-16T14:17:00.025407,155.0188,FALSE,NONE,BOOST,1,44.85,1,1300,READY
1020513,2025-09-16T14:17:00.626563,155.0188,FALSE,NONE,BOOST,1,56.38,1,1300,READY
1020614,2025-09-16T14:17:01.227019,155.0531,FALSE,NONE,BOOST,1,43.93,1,1300,READY
1020713,2025-09-16T14:17:01.827175,155.0188,FALSE,NONE,BOOST,1,44.88,1,1300,READY
1020814,2025-09-16T14:17:02.427532,154.0584,FALSE,NONE,BOOST,1,44.88,1,1300,READY
1020914,2025-09-16T14:17:03.028380,154.0584,FALSE,NONE,BOOST,1,44.45,1,1300,READY
1021014,2025-09-16T14:17:03.628156,154.0242,FALSE,NONE,BOOST,1,53.66,1,1300,READY
1021114,2025-09-16T14:17:04.229627,154.0242,FALSE,NONE,BOOST,1,43.94,1,1300,READY
1021215,2025-09-16T14:17:04.830064,154.0242,FALSE,NONE,BOOST,1,44.21,1,1300,READY
1021314,2025-09-16T14:17:05.430240,156.0135,FALSE,NONE,BOOST,0.99,32.2,1,1300,READY
1021414,2025-09-16T14:17:06.030393,154.6758,FALSE,NONE,BOOST,1,44.96,1,1300,READY
1021514,2025-09-16T14:17:06.630993,154.7273,FALSE,NONE,BOOST,1,34.02,1,1300,READY
1021614,2025-09-16T14:17:07.231574,154.7273,FALSE,NONE,BOOST,1,45.74,1,1300,READY
1021714,2025-09-16T14:17:07.831865,154.7273,FALSE,NONE,BOOST,1,114.95,1,1300,READY
1021815,2025-09-16T14:17:08.432647,154.7273,FALSE,NONE,BOOST,1,43.23,1,1300,READY
1021914,2025-09-16T14:17:09.033022,155.3618,FALSE,NONE,BOOST,1,44.46,1,1300,READY
1022014,2025-09-16T14:17:09.634112,155.3618,FALSE,NONE,BOOST,1,44.39,1,1300,READY
1022115,2025-09-16T14:17:10.233272,155.3618,FALSE,NONE,BOOST,1,44.35,1,1300,READY
1022214,2025-09-16T14:17:10.833841,155.3618,FALSE,NONE,BOOST,1,44.44,1,1300,READY
1022314,2025-09-16T14:17:11.434426,154.3843,FALSE,NONE,BOOST,1,43.75,1,1300,READY
1022416,2025-09-16T14:17:12.035507,154.3843,FALSE,NONE,BOOST,1,33.77,1,1300,READY
1022515,2025-09-16T14:17:12.635892,154.3843,FALSE,NONE,BOOST,1,33.74,1,1300,READY
1022615,2025-09-16T14:17:13.236471,154.3843,FALSE,NONE,BOOST,1,43.78,1,1300,READY
1022715,2025-09-16T14:17:14.701648,154.3843,FALSE,NONE,BOOST,1,44.14,1,1400,READY
1022815,2025-09-16T14:17:14.758000,155.0531,FALSE,NONE,BOOST,1,33.45,1,1400,READY
1022915,2025-09-16T14:17:15.037485,154.4014,FALSE,NONE,BOOST,1,43.37,1,1400,READY
1023016,2025-09-16T14:17:15.637960,154.4014,FALSE,NONE,BOOST,1,44.06,1,1400,READY
1023115,2025-09-16T14:17:16.238693,154.4014,FALSE,NONE,BOOST,1,33.93,1,1400,READY
1023215,2025-09-16T14:17:16.839489,154.4014,FALSE,NONE,BOOST,1,44.35,1,1400,READY
1023315,2025-09-16T14:17:17.438853,154.4014,FALSE,NONE,BOOST,1,44.06,1,1400,READY
1023415,2025-09-16T14:17:18.045994,154.4014,FALSE,NONE,BOOST,1,44.49,1,1400,READY
1055317,2025-09-16T14:17:23.734758,146.4953,FALSE,NONE,BOOST,1,44.27,1,1400,READY
1055417,2025-09-16T14:17:23.790830,22.4322,FALSE,NONE,STRAIGHT,1,32.97,1,1400,READY
1055517,2025-09-16T14:17:23.836660,22.4322,FALSE,NONE,STRAIGHT,1,33.13,1,1400,READY
1055618,2025-09-16T14:17:23.882222,22.4322,FALSE,NONE,STRAIGHT,1,32.51,1,1400,READY
1055718,2025-09-16T14:17:24.643132,22.62085,FALSE,NONE,STRAIGHT,1,33.6,1,1400,READY
1055818,2025-09-16T14:17:25.545735,23.82135,FALSE,NONE,STRAIGHT,1,44.64,1,1400,READY
1055918,2025-09-16T14:17:26.446433,25.77645,FALSE,NONE,STRAIGHT,1,44.52,1,1400,READY
1056018,2025-09-16T14:17:27.366866,25.84505,FALSE,NONE,STRAIGHT,1,44.51,1,1400,READY
1056118,2025-09-16T14:17:28.267239,27.8859,FALSE,NONE,STRAIGHT,1,56.11,1,1400,READY
1056218,2025-09-16T14:17:29.187696,28.126,FALSE,NONE,STRAIGHT,1,44.4,1,1400,READY
1056318,2025-09-16T14:17:30.087996,30.30405,FALSE,NONE,STRAIGHT,1,44.22,1,1400,READY
1056418,2025-09-16T14:17:31.009481,30.30405,FALSE,NONE,STRAIGHT,1,33.02,1,1400,READY
1056519,2025-09-16T14:17:31.909932,30.30405,FALSE,NONE,STRAIGHT,1,43.55,1,1400,READY
1056618,2025-09-16T14:17:32.809944,31.7618,FALSE,NONE,STRAIGHT,1,44.83,1,1400,READY
1056718,2025-09-16T14:17:33.831031,19.8254,FALSE,NONE,STRAIGHT,1,43.85,1,1400,READY
1056818,2025-09-16T14:17:34.731508,17.5616,FALSE,NONE,STRAIGHT,1,44.59,1,1400,READY
1056918,2025-09-16T14:17:35.632056,17.5616,FALSE,NONE,STRAIGHT,1,55.47,1,1400,READY
1057019,2025-09-16T14:17:36.532094,7.1001,FALSE,NONE,STRAIGHT,1,43.9,1,1400,READY
1057119,2025-09-16T14:17:37.433334,6.8257,FALSE,NONE,STRAIGHT,0.991666667,43.56,1,1400,READY
1057239,2025-09-16T14:17:38.332980,6.8257,FALSE,NONE,STRAIGHT,1,58.12,1,1400,READY
1057339,2025-09-16T14:17:39.233853,7.1001,FALSE,NONE,STRAIGHT,1,45.14,1,1400,READY
1057439,2025-09-16T14:17:40.134125,146.7354,FALSE,NONE,BOOST,1,44.31,1,1400,READY
1057539,2025-09-16T14:17:41.034473,146.7354,FALSE,NONE,BOOST,1,33.2,1,1400,READY
1057639,2025-09-16T14:17:41.634743,147.4043,FALSE,NONE,BOOST,1,43.73,1,1400,READY
1057739,2025-09-16T14:17:42.234504,146.7354,FALSE,NONE,BOOST,1,33.69,1,1400,READY
1057840,2025-09-16T14:17:42.835379,146.7354,FALSE,NONE,BOOST,1,45.27,1,1400,READY
1057939,2025-09-16T14:17:43.435604,147.3356,FALSE,NONE,BOOST,1,44.1,1,1400,READY
1058039,2025-09-16T14:17:44.035978,147.3356,FALSE,NONE,BOOST,1,46.48,1,1400,READY
1058139,2025-09-16T14:17:44.636961,147.3356,FALSE,NONE,BOOST,1,44.65,1,1400,READY
1058239,2025-09-16T14:17:45.236863,147.4043,FALSE,NONE,BOOST,1,43.93,1,1400,READY
1058339,2025-09-16T14:17:45.836381,147.4043,FALSE,NONE,BOOST,1,44.76,1,1400,READY
1058439,2025-09-16T14:17:46.437395,147.6786,FALSE,NONE,BOOST,1,44.42,1,1400,READY
1058539,2025-09-16T14:17:47.037289,147.6786,FALSE,NONE,BOOST,1,43.33,1,1400,READY
1058639,2025-09-16T14:17:47.636798,147.6786,FALSE,NONE,BOOST,1,43.55,1,1400,READY
1058741,2025-09-16T14:17:48.244020,147.6786,FALSE,NONE,BOOST,1,43.58,1,1400,READY
1058840,2025-09-16T14:17:48.837087,147.6786,FALSE,NONE,BOOST,1,43.38,1,1400,READY
1058940,2025-09-16T14:17:49.437583,147.713,FALSE,NONE,BOOST,1,45.24,1,1400,READY
1059040,2025-09-16T14:17:50.038251,147.713,FALSE,NONE,BOOST,1,44.85,1,1400,READY
1059140,2025-09-16T14:17:50.638063,146.3581,FALSE,NONE,BOOST,1,44.39,1,1400,READY
1059240,2025-09-16T14:17:51.237908,133.0325,FALSE,NONE,BOOST,1,44.87,1,1400,READY
1059340,2025-09-16T14:17:51.838908,117.4604,FALSE,NONE,BOOST,1,54.7,1,1400,READY
1059440,2025-09-16T14:17:52.438470,116.7229,FALSE,NONE,BOOST,1,44.41,1,1400,READY
1059540,2025-09-16T14:17:53.829829,101.0306,FALSE,NONE,BOOST,0.98,33.3,1,1500,READY
1059641,2025-09-16T14:17:53.875066,86.65895,FALSE,NONE,STRAIGHT,1,33.52,1,1500,READY
1059740,2025-09-16T14:17:54.238540,69.6633,FALSE,NONE,STRAIGHT,1,44.45,1,1500,READY
1059840,2025-09-16T14:17:55.139411,54.58845,FALSE,NONE,STRAIGHT,1,45.02,1,1500,READY
1059941,2025-09-16T14:17:56.039082,38.1073,FALSE,NONE,STRAIGHT,0.99,44.4,1,1500,READY
1060061,2025-09-16T14:17:56.939033,38.1073,FALSE,NONE,STRAIGHT,1,44.16,1,1500,READY
1060161,2025-09-16T14:17:57.839951,38.1073,FALSE,NONE,STRAIGHT,1,44.7,1,1500,READY
1060261,2025-09-16T14:17:58.740043,147.3871,FALSE,NONE,BOOST,1,44.91,1,1500,READY
1060361,2025-09-16T14:17:59.640302,147.6786,FALSE,NONE,BOOST,1,44.48,1,1500,READY
1060461,2025-09-16T14:18:00.240507,147.6786,FALSE,NONE,BOOST,0.99,44.1,1,1500,READY
1060562,2025-09-16T14:18:00.841325,147.6786,FALSE,NONE,BOOST,0.99,43.92,1,1500,READY
1060661,2025-09-16T14:18:01.440882,147.6786,FALSE,NONE,BOOST,1,43.97,1,1500,READY
1060761,2025-09-16T14:18:02.041671,147.6786,FALSE,NONE,BOOST,1,44.08,1,1500,READY
1060861,2025-09-16T14:18:02.641258,147.6958,FALSE,NONE,BOOST,1,45.19,1,1500,READY
1060961,2025-09-16T14:18:03.241853,147.3356,FALSE,NONE,BOOST,1,34.45,1,1500,READY
1061061,2025-09-16T14:18:03.841288,147.6958,FALSE,NONE,BOOST,1,45.21,1,1500,READY
1061161,2025-09-16T14:18:04.441584,147.6958,FALSE,NONE,BOOST,1,44.93,1,1500,READY
1061261,2025-09-16T14:18:05.042550,147.6958,FALSE,NONE,BOOST,1,32.86,1,1500,READY
1061361,2025-09-16T14:18:05.642602,147.3356,FALSE,NONE,BOOST,1,43.88,1,1500,READY
1061463,2025-09-16T14:18:06.242429,142.4479,FALSE,NONE,BOOST,1,43.72,1,1500,READY
1061562,2025-09-16T14:18:06.843454,125.7781,FALSE,NONE,BOOST,0.99,44.26,1,1500,READY
1061662,2025-09-16T14:18:07.443040,110.103,FALSE,NONE,BOOST,0.99,44.67,1,1500,READY
1061762,2025-09-16T14:18:08.043170,94.65085,FALSE,NONE,STRAIGHT,1,43.94,1,1500,READY
1061862,2025-09-16T14:18:08.643524,77.0721,FALSE,NONE,STRAIGHT,1,34.59,1,1500,READY
1061962,2025-09-16T14:18:09.544268,63.02625,FALSE,NONE,STRAIGHT,1,44.33,1,1500,READY
1062062,2025-09-16T14:18:10.444188,46.21925,FALSE,NONE,STRAIGHT,0.99,43.89,1,1500,READY
1062182,2025-09-16T14:18:11.344435,46.21925,FALSE,NONE,STRAIGHT,1,43.8,1,1500,READY
1062282,2025-09-16T14:18:12.244673,46.21925,FALSE,NONE,STRAIGHT,1,44.56,1,1500,READY
1062383,2025-09-16T14:18:13.143919,146.3409,FALSE,NONE,BOOST,1,44.04,1,1500,READY
1062482,2025-09-16T14:18:14.045046,146.7182,FALSE,NONE,BOOST,1,56.37,1,1500,READY
1062582,2025-09-16T14:18:14.645054,147.6958,FALSE,NONE,BOOST,1,33.33,1,1500,READY
1062683,2025-09-16T14:18:15.245851,147.6958,FALSE,NONE,BOOST,1,44.36,1,1500,READY
1062782,2025-09-16T14:18:15.845049,147.6958,FALSE,NONE,BOOST,1,34.34,1,1500,READY
1062882,2025-09-16T14:18:16.445845,147.6958,FALSE,NONE,BOOST,1,55.12,1,1500,READY
1062983,2025-09-16T14:18:17.046185,147.3528,FALSE,NONE,BOOST,1,54.97,1,1500,READY
1063083,2025-09-16T14:18:17.646216,147.3528,FALSE,NONE,BOOST,1,43.06,1,1500,READY
1063183,2025-09-16T14:18:18.253785,147.3699,FALSE,NONE,BOOST,1,44.28,1,1500,READY
1063284,2025-09-16T14:18:18.845849,147.3699,FALSE,NONE,BOOST,1,45.03,1,1500,READY
1116061,2025-09-16T14:18:24.531705,161.0213,FALSE,NONE,BOOST,1,45.39,1,1500,READY
1116161,2025-09-16T14:18:24.589133,161.0728,FALSE,NONE,BOOST,1,32.58,1,1500,READY
1116261,2025-09-16T14:18:24.633709,161.0728,FALSE,NONE,BOOST,1,33.02,1,1500,READY
1116361,2025-09-16T14:18:24.679388,161.0728,FALSE,NONE,BOOST,1,33.64,1,1500,READY
1116462,2025-09-16T14:18:24.725366,161.0728,FALSE,NONE,BOOST,1,32.57,1,1500,READY
1116561,2025-09-16T14:18:24.770306,161.0728,FALSE,NONE,BOOST,1,32.91,1,1500,READY
1116661,2025-09-16T14:18:24.815290,161.09,FALSE,NONE,BOOST,1,32.04,1,1500,READY
1116761,2025-09-16T14:18:25.368839,161.09,FALSE,NONE,BOOST,1,43.16,1,1500,READY
1116861,2025-09-16T14:18:25.969224,161.09,FALSE,NONE,BOOST,1,44.75,1,1500,READY
1116961,2025-09-16T14:18:26.568980,161.09,FALSE,NONE,BOOST,0.99,44.42,1,1500,READY
1117062,2025-09-16T14:18:27.169649,161.09,FALSE,NONE,BOOST,1,43.46,1,1500,READY
1117161,2025-09-16T14:18:27.770073,161.09,FALSE,NONE,BOOST,1,43.07,1,1500,READY
1117261,2025-09-16T14:18:29.348819,160.6955,FALSE,NONE,BOOST,1,42.65,1,1600,READY
1117362,2025-09-16T14:18:29.404102,161.09,FALSE,NONE,BOOST,1,43.8,1,1600,READY
